sku,quantity
DUL-B-050-BLK,0
DUL-B-050-BRG,0
DUL-B-050-BRN,0
DUL-B-050-CAMO-BTL,0
DUL-B-050-CAMO-NBU,0
DUL-B-050-GL,0
DUL-B-050-GRY,0
DUL-B-050-KHK,0
DUL-B-050-NAT,0
DUL-B-050-NVY,2
DUL-B-050-OD,1
DUL-B-050-ORG,0
DUL-B-050-PNK,0
DUL-B-050-PUR,0
DUL-B-050-RED,0
DUL-B-050-ROY,2
DUL-B-050-SPR,0
DUL-B-050-TNG,0
DUL-B-050W-CLASSIC,0
DUL-B-050-WAX-BLU-NAT,0
DUL-B-050-WAX-BLU-WAX-GRY,0
DUL-B-050-WAX-BRN-BRG,0
DUL-B-050-WAX-GRY,0
DUL-B-050-WAX-KHK,2
DUL-B-050-WAX-OD,4
DUL-B-050-WAX-ORG-WAX-GRN,0
DUL-B-050-WAX-PUR-NAT,0
DUL-B-050-W-BRG,0
DUL-B-050-W-FOR,0
DUL-B-050-W-NVY,0
DUL-B-101-BLK,2
DUL-B-101-BRG,4
DUL-B-101-BRN,0
DUL-B-101-CAMO-BTL,0
DUL-B-101-CAMO-NBU,0
DUL-B-101-GL,0
DUL-B-101-GRY,0
DUL-B-101-KHK,0
DUL-B-101-NAT,2
DUL-B-101-NVY,1
DUL-B-101-OD,4
DUL-B-101-ORG,0
DUL-B-101-PNK,0
DUL-B-101-PUR,0
DUL-B-101-RED,0
DUL-B-101-ROY,2
DUL-B-101-SPR,0
DUL-B-101-TNG,0
DUL-B-101W-CLASSIC,1
DUL-B-101-WAX-GRY,9
DUL-B-101-WAX-KHK,4
DUL-B-101-WAX-OD,7
DUL-B-101-W-BRG,0
DUL-B-101-W-FOR,0
DUL-B-101-W-HITCH,0
DUL-B-101-W-NVY,0
DUL-B-101-W-SHADOW,0
DUL-B-102-BLK,0
DUL-B-102-BRG,0
DUL-B-102-BRN,0
DUL-B-102-CAMO-BTL,0
DUL-B-102-CAMO-NBU,0
DUL-B-102-GL,0
DUL-B-102-GRY,0
DUL-B-102-KHK,0
DUL-B-102-NAT,0
DUL-B-102-NVY,0
DUL-B-102-OD,0
DUL-B-102-ORG,0
DUL-B-102-PNK,0
DUL-B-102-PUR,0
DUL-B-102-RED,0
DUL-B-102-ROY,0
DUL-B-102-SPR,0
DUL-B-102-TNG,0
DUL-B-102W-CLASSIC,0
DUL-B-102-WAX-GRY,0
DUL-B-102-WAX-KHK,0
DUL-B-102-WAX-OD,0
DUL-B-102-W-BRG,0
DUL-B-102-W-FOR,0
DUL-B-102-W-HITCH,0
DUL-B-102-W-NVY,0
DUL-B-102-W-SHADOW,0
DUL-B-103-BLK,0
DUL-B-103-BRG,0
DUL-B-103-BRN,0
DUL-B-103-CAMO-NBU,0
DUL-B-103-GL,0
DUL-B-103-KHK,0
DUL-B-103-NAT,0
DUL-B-103-NVY,0
DUL-B-103-OD,0
DUL-B-103-ORG,0
DUL-B-103-PNK,0
DUL-B-103-RED,0
DUL-B-103-ROY,0
DUL-B-103-SPR,0
DUL-B-103-TNG,0
DUL-B-103-WAX,0
DUL-B-105-BLK,0
DUL-B-105-BRG,0
DUL-B-105-NAT,0
DUL-B-105-NVY,0
DUL-B-105-OD,0
DUL-B-111-BLK,3
DUL-B-111-BRG,1
DUL-B-111-BRN,0
DUL-B-111-CAMO-BTL,1
DUL-B-111-CAMO-NBU,0
DUL-B-111-GL,0
DUL-B-111-GRY,0
DUL-B-111-KHK,0
DUL-B-111-NAT,0
DUL-B-111-NVY,4
DUL-B-111-OD,3
DUL-B-111-ORG,0
DUL-B-111-PNK,0
DUL-B-111-PUR,0
DUL-B-111-RED,0
DUL-B-111-ROY,1
DUL-B-111-SPR,0
DUL-B-111-TNG,0
DUL-B-111W-CLASSIC,0
DUL-B-111-WAX-GRY,8
DUL-B-111-WAX-KHK,7
DUL-B-111-WAX-OD,8
DUL-B-111-W-BRG,0
DUL-B-111-W-FOR,0
DUL-B-111-W-HITCH,0
DUL-B-111-W-NVY,0
DUL-B-111-W-SHADOW,0
DUL-B-112-BLK,0
DUL-B-112-BRG,0
DUL-B-112-BRN,0
DUL-B-112-CAMO-BTL,0
DUL-B-112-CAMO-NBU,0
DUL-B-112-GL,0
DUL-B-112-GRY,0
DUL-B-112-KHK,0
DUL-B-112-NAT,0
DUL-B-112-NVY,0
DUL-B-112-OD,0
DUL-B-112-ORG,0
DUL-B-112-PNK,0
DUL-B-112-PUR,0
DUL-B-112-RED,0
DUL-B-112-ROY,0
DUL-B-112-SPR,0
DUL-B-112-TNG,0
DUL-B-112-WAX-KHK,0
DUL-B-121-BLK,0
DUL-B-121-BRG,0
DUL-B-121-BRN,0
DUL-B-121-CAMO-BTL,0
DUL-B-121-CAMO-NBU,0
DUL-B-121-GL,0
DUL-B-121-GRY,0
DUL-B-121-KHK,0
DUL-B-121-NAT,0
DUL-B-121-NVY,0
DUL-B-121-OD,0
DUL-B-121-ORG,0
DUL-B-121-PNK,0
DUL-B-121-PUR,0
DUL-B-121-RED,0
DUL-B-121-ROY,0
DUL-B-121-SPR,0
DUL-B-121-TNG,0
DUL-B-121-WAX-GRY,0
DUL-B-121-WAX-KHK,0
DUL-B-121-WAX-OD,0
DUL-B-123-BLK,0
DUL-B-123-BRG,0
DUL-B-123-BRN,0
DUL-B-123-CAMO-NBU,0
DUL-B-123-GL,0
DUL-B-123-KHK,0
DUL-B-123-NAT,0
DUL-B-123-NVY,0
DUL-B-123-OD,0
DUL-B-123-ORG,0
DUL-B-123-PNK,0
DUL-B-123-RED,0
DUL-B-123-ROY,0
DUL-B-123-SPR,0
DUL-B-123-TNG,0
DUL-B-123-W-CLASSIC,0
DUL-B-123-WAX-GRY,0
DUL-B-123-WAX-KHK,0
DUL-B-123-WAX-OD,0
DUL-B-123-W-BRG,0
DUL-B-123-W-FOR,0
DUL-B-123-W-NVY,0
DUL-B-125-BLK,5
DUL-B-125-NVY,7
DUL-B-125-OD,10
DUL-B-1271-WL-GL,10
DUL-B-127-BLK,0
DUL-B-127-BRG,0
DUL-B-127-BRN,0
DUL-B-127-CAMO-BTL,0
DUL-B-127-CAMO-NBU,0
DUL-B-127-GL,0
DUL-B-127-GRY,0
DUL-B-127-KHK,0
DUL-B-127-NAT,0
DUL-B-127-NVY,0
DUL-B-127-OD,0
DUL-B-127-ORG,0
DUL-B-127-PNK,0
DUL-B-127-PUR,0
DUL-B-127-RED,0
DUL-B-127-ROY,0
DUL-B-127-SPR,0
DUL-B-127-TNG,0
DUL-B-127-WAX-BLU-NAT,0
DUL-B-127-WAX-GRY,0
DUL-B-127-WAX-KHK,0
DUL-B-127-WAX-NVY-NAT,0
DUL-B-127-WAX-OD,0
DUL-B-127-WAX-ORG-WAX-GRN,0
DUL-B-127-WAX-PUR-BLK,0
DUL-B-127-WAX-PUR-NAT,0
DUL-B-128-NAT,0
DUL-B-130-LM-NVY,0
DUL-B-130-BLK,5
DUL-B-130-BRG,0
DUL-B-130-BRN,0
DUL-B-130-CAMO-BTL,0
DUL-B-130-CAMO-NBU,0
DUL-B-130-GL,0
DUL-B-130-GRY,0
DUL-B-130-KHK,0
DUL-B-130-NAT,8
DUL-B-130-NVY,7
DUL-B-130-OD,17
DUL-B-130-ORG,2
DUL-B-130-PNK,0
DUL-B-130-PUR,0
DUL-B-130-RED,0
DUL-B-130-ROY,0
DUL-B-130-SPR,0
DUL-B-130-STRIPE,0
DUL-B-130-TNG,0
DUL-B-130W-CLASSIC,2
DUL-B-130-WAX-BLU-NAT,0
DUL-B-130-WAX-GLD-NVY,0
DUL-B-130-WAX-GRY,7
DUL-B-130-WAX-KHK,5
DUL-B-130-WAX-OD,4
DUL-B-130-WAX-ORG-WAX-GRN,0
DUL-B-130-WAX-PUR-NAT,0
DUL-B-130-W-BRG,0
DUL-B-130-W-FOR,0
DUL-B-130-W-HITCH,0
DUL-B-130-W-NVY,0
DUL-B-130-W-SHADOW,0
DUL-B-131-BLK,0
DUL-B-131-BRG,0
DUL-B-131-BRN,0
DUL-B-131-CAMO-NBU,0
DUL-B-131-GL,0
DUL-B-131-KHK,0
DUL-B-131-NAT,0
DUL-B-131-NVY,0
DUL-B-131-OD,0
DUL-B-131-ORG,0
DUL-B-131-PNK,0
DUL-B-131-RED,0
DUL-B-131-ROY,0
DUL-B-131-SPR,0
DUL-B-131-TNG,0
DUL-B-131-WAX,0
DUL-B-132-BLK,0
DUL-B-132-BRG,0
DUL-B-132-BRN,0
DUL-B-132-CAMO-NBU,0
DUL-B-132-GL,0
DUL-B-132-KHK,0
DUL-B-132-NAT,0
DUL-B-132-NVY,0
DUL-B-132-OD,0
DUL-B-132-ORG,0
DUL-B-132-PNK,0
DUL-B-132-RED,0
DUL-B-132-ROY,0
DUL-B-132-SPR,0
DUL-B-132-TNG,0
DUL-B-132-WAX,0
DUL-B-133-BLK,0
DUL-B-133-BRG,0
DUL-B-133-BRN,0
DUL-B-133-CAMO-NBU,0
DUL-B-133-GL,0
DUL-B-133-KHK,0
DUL-B-133-NAT,0
DUL-B-133-NVY,0
DUL-B-133-OD,0
DUL-B-133-ORG,0
DUL-B-133-PNK,0
DUL-B-133-RED,0
DUL-B-133-ROY,0
DUL-B-133-SPR,0
DUL-B-133-TNG,0
DUL-B-133-WAX-KHK,0
DUL-B-134-BLK,0
DUL-B-134-BRG,0
DUL-B-134-BRN,0
DUL-B-134-CAMO-NBU,0
DUL-B-134-GL,0
DUL-B-134-GRY,0
DUL-B-134-KHK,0
DUL-B-134-NAT,0
DUL-B-134-NVY,0
DUL-B-134-OD,0
DUL-B-134-ORG,0
DUL-B-134-PNK,0
DUL-B-134-PUR,0
DUL-B-134-RED,0
DUL-B-134-ROY,0
DUL-B-134-SPR,0
DUL-B-134-TNG,0
DUL-B-134W-CLASSIC,0
DUL-B-134-WAX-KHK,0
DUL-B-134-W-FOR,0
DUL-B-134-W-HITCH,0
DUL-B-134-W-NVY,0
DUL-B-134-W-SHADOW,0
DUL-B-135-BLK,0
DUL-B-135-BRG,0
DUL-B-135-BRN,0
DUL-B-135-CAMO-BTL,0
DUL-B-135-CAMO-NBU,0
DUL-B-135-GL,0
DUL-B-135-GRY,0
DUL-B-135-KHK,0
DUL-B-135-NAT,0
DUL-B-135-NVY,0
DUL-B-135-OD,0
DUL-B-135-ORG,0
DUL-B-135-PNK,0
DUL-B-135-PUR,0
DUL-B-135-RED,0
DUL-B-135-ROY,0
DUL-B-135-SPR,0
DUL-B-135-TNG,0
DUL-B-135W-CLASSIC,0
DUL-B-135-WAX-GRY,0
DUL-B-135-WAX-KHK,0
DUL-B-135-WAX-OD,0
DUL-B-135-W-BRG,0
DUL-B-135-W-FOR,0
DUL-B-135-W-HITCH,0
DUL-B-135-W-NVY,0
DUL-B-135-W-SHADOW,0
DUL-B-1361-BLK,0
DUL-B-1361-BRG,0
DUL-B-1361-BRN,0
DUL-B-1361-GL,0
DUL-B-1361-KHK,0
DUL-B-1361-NVY,0
DUL-B-1361-OD,0
DUL-B-1361-ORG,0
DUL-B-1361-PNK,0
DUL-B-1361-RED,0
DUL-B-1361-ROY,0
DUL-B-1361-SPR,0
DUL-B-1361-TNG,0
DUL-B-1361-WAX,0
DUL-B-1363-BLK,0
DUL-B-1363-BRG,0
DUL-B-1363-BRN,0
DUL-B-1363-GL,0
DUL-B-1363-KHK,0
DUL-B-1363-NVY,0
DUL-B-1363-OD,0
DUL-B-1363-ORG,0
DUL-B-1363-PNK,0
DUL-B-1363-RED,0
DUL-B-1363-ROY,0
DUL-B-1363-SPR,0
DUL-B-1363-TNG,0
DUL-B-1363-WAX,0
DUL-B-1364-BLK,0
DUL-B-1364-BRG,0
DUL-B-1364-BRN,0
DUL-B-1364-CAMO-BTL,0
DUL-B-1364-CAMO-NBU,0
DUL-B-1364-GL,0
DUL-B-1364-KHK,0
DUL-B-1364-NAT,0
DUL-B-1364-NVY,0
DUL-B-1364-OD,0
DUL-B-1364-ORG,0
DUL-B-1364-PNK,0
DUL-B-1364-RED,0
DUL-B-1364-ROY,0
DUL-B-1364-SPR,0
DUL-B-1364-TNG,0
DUL-B-1364-WAX-GRY,0
DUL-B-1364-WAX-KHK,0
DUL-B-1364-WAX-OD,0
DUL-B-1365-BLK,0
DUL-B-1365-BRG,2
DUL-B-1365-BRN,0
DUL-B-1365-CAMO-BTL,0
DUL-B-1365-CAMO-NBU,0
DUL-B-1365-GL,0
DUL-B-1365-GRY,0
DUL-B-1365-KHK,0
DUL-B-1365-NAT,7
DUL-B-1365-NVY,1
DUL-B-1365-OD,2
DUL-B-1365-ORG,0
DUL-B-1365-PNK,0
DUL-B-1365-PUR,0
DUL-B-1365-RED,0
DUL-B-1365-ROY,0
DUL-B-1365-SPR,0
DUL-B-1365-TNG,0
DUL-B-1365-WAX-BLU-NAT,0
DUL-B-1365-WAX-BRN-BRG,0
DUL-B-1365-WAX-GRY,0
DUL-B-1365-WAX-KHK,0
DUL-B-1365-WAX-NVY-NAT,0
DUL-B-1365-WAX-OD,0
DUL-B-1365-WAX-ORG-WAX-GRN,0
DUL-B-1365-WAX-PUR-BLK,0
DUL-B-136-BLK,1
DUL-B-136-BRG,0
DUL-B-136-BRN,0
DUL-B-136-CAMO-BTL,0
DUL-B-136-CAMO-NBU,0
DUL-B-136-GL,0
DUL-B-136-GRY,0
DUL-B-136-KHK,0
DUL-B-136-NAT,1
DUL-B-136-NVY,0
DUL-B-136-OD,2
DUL-B-136-ORG,0
DUL-B-136-PNK,0
DUL-B-136-PUR,0
DUL-B-136-RED,0
DUL-B-136-ROY,0
DUL-B-136-SPR,0
DUL-B-136-TNG,0
DUL-B-136-WAX-GRY,0
DUL-B-136-WAX-KHK,0
DUL-B-136-WAX-OD,1
DUL-B-137-BLK,3
DUL-B-137-BRG,2
DUL-B-137-BRN,0
DUL-B-137-CAMO-BTL,2
DUL-B-137-CAMO-NBU,0
DUL-B-137-GL,0
DUL-B-137-GRY,0
DUL-B-137-KHK,0
DUL-B-137-NAT,0
DUL-B-137-NVY,2
DUL-B-137-OD,0
DUL-B-137-ORG,1
DUL-B-137-PNK,0
DUL-B-137-PUR,0
DUL-B-137-RED,0
DUL-B-137-ROY,1
DUL-B-137-SPR,0
DUL-B-137-TNG,0
DUL-B-137-WAX-GRY,2
DUL-B-137-WAX-KHK,1
DUL-B-137-WAX-OD,1
DUL-B-138-15-BLK,4
DUL-B-138-15-BRG,3
DUL-B-138-15-BRN,0
DUL-B-138-15-CAMO-BTL,0
DUL-B-138-15-CAMO-NBU,0
DUL-B-138-15-GL,0
DUL-B-138-15-GRY,0
DUL-B-138-15-KHK,0
DUL-B-138-15-NAT,0
DUL-B-138-15-NVY,3
DUL-B-138-15-OD,1
DUL-B-138-15-ORG,0
DUL-B-138-15-PNK,0
DUL-B-138-15-PUR,0
DUL-B-138-15-RED,0
DUL-B-138-15-ROY,0
DUL-B-138-15-SPR,0
DUL-B-138-15-TNG,0
DUL-B-138-15-WAX-GRY,0
DUL-B-138-15-WAX-KHK,3
DUL-B-138-15-WAX-OD,6
DUL-B-138-15-W-BRG,0
DUL-B-138-15-W-FOR,0
DUL-B-138-15-W-HITCH,0
DUL-B-138-15-W-NVY,0
DUL-B-138-15-W-SHADOW,0
DUL-B-138-17-BLK,0
DUL-B-138-17-BRG,0
DUL-B-138-17-BRN,0
DUL-B-138-17-CAMO-BTL,0
DUL-B-138-17-CAMO-NBU,0
DUL-B-138-17-GL,0
DUL-B-138-17-GRY,0
DUL-B-138-17-KHK,0
DUL-B-138-17-NAT,0
DUL-B-138-17-NVY,0
DUL-B-138-17-OD,0
DUL-B-138-17-ORG,0
DUL-B-138-17-PNK,0
DUL-B-138-17-RED,0
DUL-B-138-17-ROY,0
DUL-B-138-17-SPR,0
DUL-B-138-17-TNG,0
DUL-B-138-17-WAX-GRY,0
DUL-B-138-17-WAX-KHK,0
DUL-B-138-17-WAX-OD,0
DUL-B-138-17-W-BRG,0
DUL-B-138-17-W-FOR,0
DUL-B-138-17-W-HITCH,0
DUL-B-138-17-W-NVY,0
DUL-B-138-17-W-SHADOW,0
DUL-B-138W-CLASSIC-15,0
DUL-B-138W-CLASSIC-17,0
DUL-B-139-BLK,1
DUL-B-139-BRG,1
DUL-B-139-BRN,0
DUL-B-139-CAMO-BTL,0
DUL-B-139-CAMO-NBU,0
DUL-B-139-GL,0
DUL-B-139-GRY,0
DUL-B-139-KHK,0
DUL-B-139-NAT,0
DUL-B-139-NVY,1
DUL-B-139-OD,0
DUL-B-139-ORG,2
DUL-B-139-PNK,0
DUL-B-139-PUR,0
DUL-B-139-RED,0
DUL-B-139-ROY,0
DUL-B-139-SPR,0
DUL-B-139-TNG,0
DUL-B-139-WAX-GRY,0
DUL-B-139-WAX-KHK,1
DUL-B-139-WAX-OD,2
DUL-B-1401-BLK,0
DUL-B-1401-BRG,0
DUL-B-1401-BRN,0
DUL-B-1401-CAMO-NBU,0
DUL-B-1401-GL,0
DUL-B-1401-KHK,0
DUL-B-1401-NAT,0
DUL-B-1401-NVY,0
DUL-B-1401-OD,0
DUL-B-1401-ORG,0
DUL-B-1401-PNK,0
DUL-B-1401-RED,0
DUL-B-1401-ROY,0
DUL-B-1401-SPR,0
DUL-B-1401-TNG,0
DUL-B-1401-WAX,0
DUL-B-1402-BLK,0
DUL-B-1402-BRG,0
DUL-B-1402-BRN,0
DUL-B-1402-CAMO-NBU,0
DUL-B-1402-GL,0
DUL-B-1402-KHK,0
DUL-B-1402-NAT,0
DUL-B-1402-NVY,0
DUL-B-1402-OD,0
DUL-B-1402-ORG,0
DUL-B-1402-PNK,0
DUL-B-1402-RED,0
DUL-B-1402-ROY,0
DUL-B-1402-SPR,0
DUL-B-1402-TNG,0
DUL-B-1402-WAX,0
DUL-B-1403-BLK,0
DUL-B-1403-BRG,0
DUL-B-1403-BRN,0
DUL-B-1403-CAMO-NBU,0
DUL-B-1403-GL,0
DUL-B-1403-KHK,0
DUL-B-1403-NAT,0
DUL-B-1403-NVY,0
DUL-B-1403-OD,0
DUL-B-1403-ORG,0
DUL-B-1403-PNK,0
DUL-B-1403-RED,0
DUL-B-1403-ROY,0
DUL-B-1403-SPR,0
DUL-B-1403-TNG,0
DUL-B-1403-WAX,0
DUL-B-1404-BLK,0
DUL-B-1404-BRG,0
DUL-B-1404-BRN,0
DUL-B-1404-CAMO-NBU,0
DUL-B-1404-GL,0
DUL-B-1404-KHK,0
DUL-B-1404-NAT,0
DUL-B-1404-NVY,0
DUL-B-1404-OD,0
DUL-B-1404-ORG,0
DUL-B-1404-PNK,0
DUL-B-1404-RED,0
DUL-B-1404-ROY,0
DUL-B-1404-SPR,0
DUL-B-1404-TNG,0
DUL-B-1404-WAX,0
DUL-B-1405-BLK,0
DUL-B-1405-BRG,0
DUL-B-1405-BRN,0
DUL-B-1405-CAMO-BTL,0
DUL-B-1405-CAMO-NBU,0
DUL-B-1405-GL,0
DUL-B-1405-GRY,0
DUL-B-1405-KHK,0
DUL-B-1405-NAT,0
DUL-B-1405-NVY,0
DUL-B-1405-OD,0
DUL-B-1405-ORG,0
DUL-B-1405-PNK,0
DUL-B-1405-PUR,0
DUL-B-1405-RED,0
DUL-B-1405-ROY,0
DUL-B-1405-SPR,0
DUL-B-1405-TNG,0
DUL-B-1405-WAX,0
DUL-B-1405-W-BRG,0
DUL-B-1405-W-CLASSIC,0
DUL-B-1405-W-FOR,0
DUL-B-1405-W-HITCH,0
DUL-B-1405-W-NVY,0
DUL-B-1405-W-SHADOW,0
DUL-B-1406-BRG,0
DUL-B-1406-BRN,0
DUL-B-1406-CAMO-NBU,0
DUL-B-1406-GL,0
DUL-B-1406-GRY,0
DUL-B-1406-KHK,0
DUL-B-1406-NAT,0
DUL-B-1406-NVY,0
DUL-B-1406-OD,0
DUL-B-1406-ORG,0
DUL-B-1406-PNK,0
DUL-B-1406-PUR,0
DUL-B-1406-RED,0
DUL-B-1406-ROY,0
DUL-B-1406-SPR,0
DUL-B-1406-TNG,0
DUL-B-1406-WAX,0
DUL-B-1407-BLK,0
DUL-B-1407-BRG,0
DUL-B-1407-BRN,0
DUL-B-1407-GL,0
DUL-B-1407-KHK,0
DUL-B-1407-NAT,0
DUL-B-1407-NVY,0
DUL-B-1407-OD,0
DUL-B-1407-ORG,0
DUL-B-1407-PUR,0
DUL-B-1407-ROY,0
DUL-B-1407-WAX,0
DUL-B-1408-BLK,2
DUL-B-1408-BRG,5
DUL-B-1408-BRN,0
DUL-B-1408-CAMO-BTL,3
DUL-B-1408-GL,0
DUL-B-1408-GRY,0
DUL-B-1408-KHK,0
DUL-B-1408-NAT,1
DUL-B-1408-NVY,3
DUL-B-1408-OD,0
DUL-B-1408-ORG,1
DUL-B-1408-PUR,0
DUL-B-1408-ROY,0
DUL-B-1408-WAX-GRY,1
DUL-B-1408-WAX-KHK,5
DUL-B-1408-WAX-OD,2
DUL-B-140-BLK,0
DUL-B-140-BRG,0
DUL-B-140-BRN,0
DUL-B-140-CAMO-BTL,0
DUL-B-140-CAMO-NBU,0
DUL-B-140-GL,0
DUL-B-140-GRY,0
DUL-B-140-KHK,0
DUL-B-140-NAT,0
DUL-B-140-NVY,0
DUL-B-140-OD,0
DUL-B-140-ORG,0
DUL-B-140-PNK,0
DUL-B-140-RED,0
DUL-B-140-ROY,0
DUL-B-140-SPR,0
DUL-B-140-TNG,0
DUL-B-140-WAX-GRY,0
DUL-B-140-WAX-KHK,0
DUL-B-140-WAX-OD,0
DUL-B-141-BLK,3
DUL-B-141-BRG,2
DUL-B-141-BRN,0
DUL-B-141-CAMO-BTL,0
DUL-B-141-CAMO-NBU,0
DUL-B-141-GL,0
DUL-B-141-GRY,0
DUL-B-141-KHK,0
DUL-B-141-NAT,0
DUL-B-141-NVY,3
DUL-B-141-OD,3
DUL-B-141-ORG,0
DUL-B-141-PNK,0
DUL-B-141-RED,0
DUL-B-141-ROY,1
DUL-B-141-SPR,0
DUL-B-141-TNG,0
DUL-B-141-WAX-GRY,3
DUL-B-141-WAX-KHK,0
DUL-B-141-WAX-KHK-2ND,0
DUL-B-141-WAX-OD,3
DUL-B-142-BLK,2
DUL-B-142-BRG,2
DUL-B-142-BRN,0
DUL-B-142-CAMO-BTL,0
DUL-B-142-CAMO-NBU,0
DUL-B-142-GL,0
DUL-B-142-GRY,0
DUL-B-142-KHK,0
DUL-B-142-NAT,0
DUL-B-142-NVY,1
DUL-B-142-OD,1
DUL-B-142-ORG,1
DUL-B-142-PNK,0
DUL-B-142-RED,0
DUL-B-142-ROY,0
DUL-B-142-SPR,0
DUL-B-142-TNG,0
DUL-B-142-WAX-BLU-NAT,0
DUL-B-142-WAX-GRY,1
DUL-B-142-WAX-KHK,1
DUL-B-142-WAX-NVY-NAT,0
DUL-B-142-WAX-OD,0
DUL-B-142-WAX-PUR-BLK,0
DUL-B-142-WAX-PUR-NAT,0
DUL-B-143-CAMO-NBU,0
DUL-B-143-GL,0
DUL-B-143-LONG-BLK,0
DUL-B-143-LONG-BRG,0
DUL-B-143-LONG-BRN,0
DUL-B-143-LONG-CAMO-NBU,0
DUL-B-143-LONG-GL,0
DUL-B-143-LONG-KHK,0
DUL-B-143-LONG-NAT,0
DUL-B-143-LONG-NVY,0
DUL-B-143-LONG-OD,0
DUL-B-143-LONG-ORG,0
DUL-B-143-LONG-PNK,0
DUL-B-143-LONG-RED,0
DUL-B-143-LONG-ROY,0
DUL-B-143-LONG-SPR,0
DUL-B-143-LONG-TNG,0
DUL-B-143-LONG-WAX-KHK,0
DUL-B-143-PNK,0
DUL-B-143-RED,0
DUL-B-143-SHORT-BLK,0
DUL-B-143-SHORT-BRG,0
DUL-B-143-SHORT-BRN,0
DUL-B-143-SHORT-KHK,0
DUL-B-143-SHORT-NAT,0
DUL-B-143-SHORT-NVY,0
DUL-B-143-SHORT-OD,0
DUL-B-143-SHORT-ORG,0
DUL-B-143-SHORT-ROY,0
DUL-B-143-SHORT-WAX-KHK,0
DUL-B-143-SPR,0
DUL-B-143-TNG,0
DUL-B-146-BLK/BLK,0
DUL-B-146-BRG/BLK,0
DUL-B-146-BRN/BLK,0
DUL-B-146-CAMO/BLK,0
DUL-B-146-KHK/BLK,0
DUL-B-146-NAT/BLK,0
DUL-B-146-NVY/BLK,0
DUL-B-146-OD/BLK,0
DUL-B-146-ORG/BLK,0
DUL-B-146-PNK/BLK,0
DUL-B-146-RED/BLK,0
DUL-B-146-ROY/BLK,0
DUL-B-146-SPR/BLK,0
DUL-B-146-TNG/BLK,0
DUL-B-146-WAX/BLK,0
DUL-B-150-BLK,0
DUL-B-150-BRG,1
DUL-B-150-BRN,0
DUL-B-150-CAMO-BTL,0
DUL-B-150-CAMO-NBU,0
DUL-B-150-GRY,0
DUL-B-150-IVR,0
DUL-B-150-KHK,0
DUL-B-150-NAT,0
DUL-B-150-NVY,0
DUL-B-150-OD,1
DUL-B-150-ORG,1
DUL-B-150-PNK,0
DUL-B-150-PUR,0
DUL-B-150-RED,0
DUL-B-150-ROY,0
DUL-B-150-SPR,0
DUL-B-150-TNG,0
DUL-B-150-WAX-GRY,0
DUL-B-150-WAX-KHK,1
DUL-B-150-WAX-OD,0
DUL-B-151-BLK,0
DUL-B-151-BRG,0
DUL-B-151-BRN,0
DUL-B-151-CAMO-BTL,0
DUL-B-151-CAMO-NBU,0
DUL-B-151-GL,0
DUL-B-151-GRY,0
DUL-B-151-KHK,0
DUL-B-151-NAT,0
DUL-B-151-NVY,0
DUL-B-151-OD,0
DUL-B-151-ORG,0
DUL-B-151-PNK,0
DUL-B-151-RED,0
DUL-B-151-ROY,0
DUL-B-151-SPR,0
DUL-B-151-TNG,0
DUL-B-151-WAX-GRY,0
DUL-B-151-WAX-KHK,0
DUL-B-151-WAX-OD,0
DUL-B-155-BLK,0
DUL-B-155-BRG,1
DUL-B-155-BRN,0
DUL-B-155-CAMO-BTL,0
DUL-B-155-CAMO-NBU,0
DUL-B-155-GL,0
DUL-B-155-GRY,0
DUL-B-155-KHK,0
DUL-B-155-NAT,0
DUL-B-155-NVY,0
DUL-B-155-OD,1
DUL-B-155-ORG,0
DUL-B-155-PNK,0
DUL-B-155-PUR,0
DUL-B-155-RED,0
DUL-B-155-ROY,0
DUL-B-155-SPR,0
DUL-B-155-TNG,0
DUL-B-155-WAX-GRY,0
DUL-B-155-WAX-KHK,0
DUL-B-155-WAX-OD,0
DUL-B-156-BLK,2
DUL-B-156-OD,2
DUL-B-156-WAX-KHK,2
DUL-B-1615-BLK,0
DUL-B-1615-BRG,5
DUL-B-1615-CAMO-BTL,2
DUL-B-1615-NAT,0
DUL-B-1615-NVY,0
DUL-B-1615-OD,3
DUL-B-1615-ORG,2
DUL-B-1615-ROY,0
DUL-B-1615-WAX-GRY,1
DUL-B-1615-WAX-KHK,1
DUL-B-1615-WAX-OD,0
DUL-B-161-BLK,0
DUL-B-161-BRG,0
DUL-B-161-BRN,0
DUL-B-161-CAMO-BTL,0
DUL-B-161-CAMO-NBU,0
DUL-B-161-GL,0
DUL-B-161-GRY,0
DUL-B-161-KHK,0
DUL-B-161-NAT,0
DUL-B-161-NVY,0
DUL-B-161-OD,0
DUL-B-161-ORG,0
DUL-B-161-PNK,0
DUL-B-161-PUR,0
DUL-B-161-RED,0
DUL-B-161-ROY,0
DUL-B-161-SPR,0
DUL-B-161-TNG,0
DUL-B-161-WAX-BLU-NAT,0
DUL-B-161-WAX-BLU-WAX-GRY,0
DUL-B-161-WAX-BRN-BRG,0
DUL-B-161-WAX-GLD-NVY,0
DUL-B-161-WAX-GRN-WAX-GRY,0
DUL-B-161-WAX-GRY,0
DUL-B-161-WAX-KHK,0
DUL-B-161-WAX-NVY-NAT,0
DUL-B-161-WAX-OD,0
DUL-B-161-WAX-ORG-WAX-GRN,0
DUL-B-161-WAX-PNK-NAT,0
DUL-B-161-WAX-RED-WAX-KHK,0
DUL-B-162-BLK,0
DUL-B-162-BRG,0
DUL-B-162-BRN,0
DUL-B-162-CAMO-NBU,0
DUL-B-162-GL,0
DUL-B-162-KHK,0
DUL-B-162-KHK-2ND,0
DUL-B-162-NAT,0
DUL-B-162-NVY,0
DUL-B-162-OD,0
DUL-B-162-ORG,0
DUL-B-162-PNK,0
DUL-B-162-RED,0
DUL-B-162-ROY,0
DUL-B-162-SPR,0
DUL-B-162-TNG,0
DUL-B-162-WAX,0
DUL-B-1635-BLK,0
DUL-B-1635-BRG,6
DUL-B-1635-BRN,0
DUL-B-1635-CAMO-BTL,0
DUL-B-1635-CAMO-NBU,0
DUL-B-1635-GL,0
DUL-B-1635-GRY,0
DUL-B-1635-KHK,0
DUL-B-1635-NAT,0
DUL-B-1635-NVY,0
DUL-B-1635-NVY-2ND,0
DUL-B-1635-OD,0
DUL-B-1635-ORG,0
DUL-B-1635-PNK,0
DUL-B-1635-PUR,0
DUL-B-1635-RED,0
DUL-B-1635-ROY,0
DUL-B-1635-SPR,0
DUL-B-1635-TNG,0
DUL-B-1635-WAX-GRY,0
DUL-B-1635-WAX-KHK,0
DUL-B-1635-WAX-OD,3
DUL-B-163-BLK,0
DUL-B-163-BRG,0
DUL-B-163-BRN,0
DUL-B-163-CAMO-BTL,0
DUL-B-163-CAMO-NBU,0
DUL-B-163-GL,0
DUL-B-163-GRY,0
DUL-B-163-KHK,0
DUL-B-163-NAT,0
DUL-B-163-NVY,0
DUL-B-163-OD,0
DUL-B-163-ORG,0
DUL-B-163-PNK,0
DUL-B-163-PUR,0
DUL-B-163-RED,0
DUL-B-163-ROY,0
DUL-B-163-SPR,0
DUL-B-163-TNG,0
DUL-B-163-WAX-GRY,0
DUL-B-163-WAX-KHK,0
DUL-B-163-WAX-OD,0
DUL-B-165-BLK,0
DUL-B-165-BRG,0
DUL-B-165-BRN,0
DUL-B-165-CAMO-NBU,0
DUL-B-165-GL,0
DUL-B-165-KHK,0
DUL-B-165-NAT,0
DUL-B-165-NVY,0
DUL-B-165-OD,0
DUL-B-165-ORG,0
DUL-B-165-PNK,0
DUL-B-165-RED,0
DUL-B-165-ROY,0
DUL-B-165-SPR,0
DUL-B-165-TNG,0
DUL-B-165-WAX-KHK,0
DUL-B-166-BLK,0
DUL-B-166-BRG,0
DUL-B-166-BRN,0
DUL-B-166-CAMO-NBU,0
DUL-B-166-GL,0
DUL-B-166-KHK,0
DUL-B-166-NAT,0
DUL-B-166-NVY,0
DUL-B-166-OD,0
DUL-B-166-ORG,0
DUL-B-166-PNK,0
DUL-B-166-RED,0
DUL-B-166-ROY,0
DUL-B-166-SPR,0
DUL-B-166-TNG,0
DUL-B-166-WAX,0
DUL-B-170-BLK,0
DUL-B-170-BRG,0
DUL-B-170-BRN,0
DUL-B-170-CAMO-BTL,0
DUL-B-170-CAMO-NBU,0
DUL-B-170-GL,0
DUL-B-170-GRY,0
DUL-B-170-KHK,0
DUL-B-170-NAT,0
DUL-B-170-NVY,1
DUL-B-170-OD,0
DUL-B-170-ORG,0
DUL-B-170-PNK,0
DUL-B-170-RED,0
DUL-B-170-ROY,0
DUL-B-170-SPR,0
DUL-B-170-TNG,0
DUL-B-170-WAX-GRY,0
DUL-B-170-WAX-KHK,0
DUL-B-170-WAX-OD,0
DUL-B-174-BLK,5
DUL-B-176-BLK,0
DUL-B-176-BRG,2
DUL-B-176-BRN,0
DUL-B-176-CAMO-NBU,0
DUL-B-176-GL,0
DUL-B-176-KHK,0
DUL-B-176-NAT,0
DUL-B-176-NVY,1
DUL-B-176-OD,0
DUL-B-176-ORG,1
DUL-B-176-PNK,0
DUL-B-176-RED,0
DUL-B-176-ROY,0
DUL-B-176-SPR,0
DUL-B-176-TNG,0
DUL-B-176-WAX-GRY,1
DUL-B-176-WAX-KHK,2
DUL-B-176-WAX-OD,2
DUL-B-177-BRG,0
DUL-B-177-BRN,0
DUL-B-177-CAMO-NBU,0
DUL-B-177-GL,0
DUL-B-177-KHK,0
DUL-B-177-NAT,0
DUL-B-177-NVY,0
DUL-B-177-OD,0
DUL-B-177-ORG,0
DUL-B-177-PNK,0
DUL-B-177-RED,0
DUL-B-177-ROY,0
DUL-B-177-SPR,0
DUL-B-177-TNG,0
DUL-B-177-WAX-GRY,0
DUL-B-177-WAX-KHK,0
DUL-B-177-WAX-OD,0
DUL-B-178-BLK,0
DUL-B-178-BRG,0
DUL-B-178-BRN,0
DUL-B-178-CAMO-BTL,0
DUL-B-178-CAMO-NBU,0
DUL-B-178-GL,0
DUL-B-178-KHK,0
DUL-B-178-NAT,0
DUL-B-178-NVY,0
DUL-B-178-OD,0
DUL-B-178-ORG,0
DUL-B-178-PNK,0
DUL-B-178-RED,0
DUL-B-178-ROY,0
DUL-B-178-SPR,0
DUL-B-178-TNG,0
DUL-B-178-WAX-GRY,0
DUL-B-178-WAX-KHK,0
DUL-B-178-WAX-OD,0
DUL-B-179-BLK,0
DUL-B-179-BRG,0
DUL-B-179-BRN,0
DUL-B-179-CAMO-BTL,0
DUL-B-179-CAMO-NBU,0
DUL-B-179-GL,0
DUL-B-179-GRY,0
DUL-B-179-KHK,0
DUL-B-179-NAT,0
DUL-B-179-NVY,0
DUL-B-179-OD,7
DUL-B-179-ORG,0
DUL-B-179-PNK,0
DUL-B-179-RED,0
DUL-B-179-ROY,0
DUL-B-179-SPR,0
DUL-B-179-TNG,0
DUL-B-179-WAX-GRY,0
DUL-B-179-WAX-KHK,0
DUL-B-179-WAX-OD,2
DUL-B-195-BLK,0
DUL-B-195-BRG,0
DUL-B-195-BRN,0
DUL-B-195-CAMO-NBU,0
DUL-B-195-GL,0
DUL-B-195-KHK,0
DUL-B-195-NAT,0
DUL-B-195-NVY,0
DUL-B-195-OD,0
DUL-B-195-ORG,0
DUL-B-195-PNK,0
DUL-B-195-RED,0
DUL-B-195-ROY,0
DUL-B-195-SPR,0
DUL-B-195-TNG,0
DUL-B-195-WAX-KHK,0
DUL-B-200-73-BLK,0
DUL-B-200-73-BRG,0
DUL-B-200-73-BRN,0
DUL-B-200-73-CAMO-NBU,0
DUL-B-200-73-GL,0
DUL-B-200-73-KHK,0
DUL-B-200-73-NAT,0
DUL-B-200-73-NVY,0
DUL-B-200-73-OD,0
DUL-B-200-73-ORG,0
DUL-B-200-73-PNK,0
DUL-B-200-73-RED,0
DUL-B-200-73-ROY,0
DUL-B-200-73-SPR,0
DUL-B-200-73-TNG,0
DUL-B-200-73-WAX-KHK,5
DUL-B-200-83-BLK,0
DUL-B-200-83-BRG,0
DUL-B-200-83-BRN,0
DUL-B-200-83-CAMO-NBU,0
DUL-B-200-83-GL,0
DUL-B-200-83-KHK,0
DUL-B-200-83-NAT,0
DUL-B-200-83-NVY,0
DUL-B-200-83-OD,0
DUL-B-200-83-ORG,0
DUL-B-200-83-PNK,0
DUL-B-200-83-RED,0
DUL-B-200-83-ROY,0
DUL-B-200-83-SPR,0
DUL-B-200-83-TNG,0
DUL-B-200-83-WAX-KHK,1
DUL-B-209-BLK,0
DUL-B-209-BRG,0
DUL-B-209-BRN,0
DUL-B-209-CAMO-NBU,0
DUL-B-209-GL,0
DUL-B-209-KHK,0
DUL-B-209-NAT,0
DUL-B-209-NVY,0
DUL-B-209-OD,0
DUL-B-209-ORG,0
DUL-B-209-PNK,0
DUL-B-209-RED,0
DUL-B-209-ROY,0
DUL-B-209-SPR,0
DUL-B-209-TNG,0
DUL-B-209-WAX,0
DUL-B-210-BLK,0
DUL-B-210-BRG,0
DUL-B-210-BRN,0
DUL-B-210-CAMO-NBU,0
DUL-B-210-GL,0
DUL-B-210-KHK,0
DUL-B-210-NAT,0
DUL-B-210-NVY,0
DUL-B-210-OD,0
DUL-B-210-ORG,0
DUL-B-210-PNK,0
DUL-B-210-RED,0
DUL-B-210-ROY,0
DUL-B-210-SPR,0
DUL-B-210-TNG,0
DUL-B-210-WAX,0
DUL-B-211-BLK,0
DUL-B-211-BRG,0
DUL-B-211-BRN,0
DUL-B-211-CAMO-NBU,0
DUL-B-211-GL,0
DUL-B-211-KHK,0
DUL-B-211-NAT,0
DUL-B-211-NVY,0
DUL-B-211-OD,0
DUL-B-211-ORG,0
DUL-B-211-PNK,0
DUL-B-211-RED,0
DUL-B-211-ROY,0
DUL-B-211-SPR,0
DUL-B-211-TNG,0
DUL-B-211-WAX-KHK,0
DUL-B-212-BLK,0
DUL-B-212-BRG,0
DUL-B-212-GL,0
DUL-B-212-KHK,0
DUL-B-212-NVY,0
DUL-B-212-OD,0
DUL-B-212-ORG,0
DUL-B-212-WAX,0
DUL-B-301-BLK,0
DUL-B-301-BRG,0
DUL-B-301-BRN,0
DUL-B-301-CAMO-BTL,0
DUL-B-301-CAMO-NBU,0
DUL-B-301-GL,0
DUL-B-301-KHK,0
DUL-B-301-NAT,0
DUL-B-301-NVY,0
DUL-B-301-OD,0
DUL-B-301-ORG,0
DUL-B-301-PNK,0
DUL-B-301-RED,0
DUL-B-301-ROY,0
DUL-B-301-SPR,0
DUL-B-301-TNG,0
DUL-B-301-WAX-GRY,0
DUL-B-301-WAX-KHK,0
DUL-B-301-WAX-OD,0
DUL-B-302-BLK,0
DUL-B-302-BRG,0
DUL-B-302-BRN,0
DUL-B-302-CAMO-BTL,0
DUL-B-302-CAMO-NBU,0
DUL-B-302-GL,0
DUL-B-302-KHK,0
DUL-B-302-NAT,0
DUL-B-302-NVY,0
DUL-B-302-OD,1
DUL-B-302-ORG,0
DUL-B-302-PNK,0
DUL-B-302-RED,0
DUL-B-302-ROY,0
DUL-B-302-SPR,0
DUL-B-302-TNG,0
DUL-B-302-WAX-GRY,0
DUL-B-302-WAX-KHK,0
DUL-B-302-WAX-OD,0
DUL-B-303,0
DUL-B-303-BLK,0
DUL-B-303-OD,1
DUL-B-304,0
DUL-B-304-NVY,0
DUL-B-309-CAMO-NBU,0
DUL-B-309-PNK,0
DUL-B-309-PS-BLK,0
DUL-B-309-PS-BRG,0
DUL-B-309-PS-CAMO-BTL,0
DUL-B-309-PS-NAT,0
DUL-B-309-PS-NVY,0
DUL-B-309-PS-OD,0
DUL-B-309-PS-ORG,0
DUL-B-309-PS-ROY,0
DUL-B-309-PS-WAX-GRY,0
DUL-B-309-PS-WAX-KHK,0
DUL-B-309-PS-WAX-OD,0
DUL-B-309-RED,0
DUL-B-309-SH-BLK,1
DUL-B-309-SH-BRG,1
DUL-B-309-SH-BRN,0
DUL-B-309-SH-CAMO-BTL,0
DUL-B-309-SH-GL,0
DUL-B-309-SH-KHK,0
DUL-B-309-SH-NAT,0
DUL-B-309-SH-NVY,0
DUL-B-309-SH-OD,1
DUL-B-309-SH-ORG,0
DUL-B-309-SH-ROY,0
DUL-B-309-SH-WAX-GRY,1
DUL-B-309-SH-WAX-KHK,0
DUL-B-309-SH-WAX-OD,1
DUL-B-309-SPR,0
DUL-B-309-TNG,0
DUL-B-310-CAMO-NBU,0
DUL-B-310-PNK,0
DUL-B-310-PS-BLK,0
DUL-B-310-PS-BRG,0
DUL-B-310-PS-CAMO-BTL,0
DUL-B-310-PS-NAT,0
DUL-B-310-PS-NVY,0
DUL-B-310-PS-OD,0
DUL-B-310-PS-ORG,0
DUL-B-310-PS-ROY,0
DUL-B-310-PS-WAX-GRY,0
DUL-B-310-PS-WAX-KHK,0
DUL-B-310-PS-WAX-OD,0
DUL-B-310-RED,0
DUL-B-310-SH-BLK,0
DUL-B-310-SH-BRG,1
DUL-B-310-SH-BRN,0
DUL-B-310-SH-CAMO-BTL,1
DUL-B-310-SH-GL,0
DUL-B-310-SH-KHK,0
DUL-B-310-SH-NAT,0
DUL-B-310-SH-NVY,0
DUL-B-310-SH-OD,0
DUL-B-310-SH-ORG,0
DUL-B-310-SH-ROY,0
DUL-B-310-SH-WAX-GRY,0
DUL-B-310-SH-WAX-KHK,1
DUL-B-310-SH-WAX-OD,0
DUL-B-310-SPR,0
DUL-B-310-TNG,0
DUL-B-312-CAMO-NBU,0
DUL-B-312-GL,0
DUL-B-312-PNK,0
DUL-B-312-PS-BLK,0
DUL-B-312-PS-BRG,0
DUL-B-312-PS-CAMO-BTL,0
DUL-B-312-PS-NAT,0
DUL-B-312-PS-NVY,0
DUL-B-312-PS-OD,0
DUL-B-312-PS-ORG,0
DUL-B-312-PS-ROY,0
DUL-B-312-PS-WAX-GRY,0
DUL-B-312-PS-WAX-KHK,0
DUL-B-312-PS-WAX-OD,0
DUL-B-312-RED,0
DUL-B-312-SH-BLK,0
DUL-B-312-SH-BRG,0
DUL-B-312-SH-BRN,0
DUL-B-312-SH-CAMO-BTL,1
DUL-B-312-SH-KHK,0
DUL-B-312-SH-NAT,0
DUL-B-312-SH-NVY,0
DUL-B-312-SH-OD,0
DUL-B-312-SH-ORG,0
DUL-B-312-SH-ROY,0
DUL-B-312-SH-WAX-GRY,1
DUL-B-312-SH-WAX-KHK,1
DUL-B-312-SH-WAX-OD,0
DUL-B-312-TNG,0
DUL-B-314-BLK,0
DUL-B-314-CAMO-NBU,0
DUL-B-314-OD,0
DUL-B-314-WAX-KHK,0
DUL-B-314-WAX-OD,0
DUL-B-315-BLK,0
DUL-B-315-CAMO-NBU,0
DUL-B-315-OD,0
DUL-B-315-WAX-KHK,0
DUL-B-320-BLK,0
DUL-B-320-BRG,0
DUL-B-320-BRN,0
DUL-B-320-CAMO-BTL,0
DUL-B-320-CAMO-NBU,0
DUL-B-320-GL,0
DUL-B-320-KHK,0
DUL-B-320-NAT,0
DUL-B-320-NVY,0
DUL-B-320-OD,0
DUL-B-320-ORG,0
DUL-B-320-PNK,0
DUL-B-320-RED,0
DUL-B-320-ROY,0
DUL-B-320-SPR,0
DUL-B-320-TNG,0
DUL-B-320-WAX-KHK,0
DUL-B-321-BLK,1
DUL-B-321-BRG,1
DUL-B-321-BRN,0
DUL-B-321-CAMO-BTL,2
DUL-B-321-GL,0
DUL-B-321-GRY,0
DUL-B-321-KHK,0
DUL-B-321-NAT,0
DUL-B-321-NVY,1
DUL-B-321-OD,0
DUL-B-321-ORG,0
DUL-B-321-PUR,0
DUL-B-321-ROY,0
DUL-B-321-WAX-GRY,0
DUL-B-321-WAX-KHK,0
DUL-B-321-WAX-OD,0
DUL-B-323-BLK,1
DUL-B-323-BRG,0
DUL-B-323-BRN,0
DUL-B-323-CAMO-BTL,0
DUL-B-323-GL,0
DUL-B-323-GRY,0
DUL-B-323-KHK,0
DUL-B-323-NAT,0
DUL-B-323-NVY,0
DUL-B-323-OD,0
DUL-B-323-ORG,0
DUL-B-323-ROY,0
DUL-B-323-WAX-GRY,0
DUL-B-323-WAX-KHK,0
DUL-B-323-WAX-OD,0
DUL-B-326-BLK,0
DUL-B-326-BRG,3
DUL-B-326-BRN,0
DUL-B-326-CAMO-BTL,1
DUL-B-326-GL,0
DUL-B-326-GRY,0
DUL-B-326-KHK,0
DUL-B-326-NAT,0
DUL-B-326-NVY,2
DUL-B-326-OD,1
DUL-B-326-ORG,0
DUL-B-326-ROY,0
DUL-B-326-WAX-GRY,0
DUL-B-326-WAX-KHK,0
DUL-B-326-WAX-OD,2
DUL-B-330-BLK,0
DUL-B-330-BRG,0
DUL-B-330-BRN,0
DUL-B-330-CAMO-NBU,0
DUL-B-330-GL,0
DUL-B-330-KHK,0
DUL-B-330-NAT,0
DUL-B-330-NVY,0
DUL-B-330-OD,0
DUL-B-330-ORG,0
DUL-B-330-PNK,0
DUL-B-330-RED,0
DUL-B-330-ROY,0
DUL-B-330-SPR,0
DUL-B-330-TNG,0
DUL-B-330-WAX-GRY,0
DUL-B-330-WAX-KHK,0
DUL-B-330-WAX-OD,0
DUL-B-331-BLK,0
DUL-B-331-BRG,0
DUL-B-331-BRN,0
DUL-B-331-CAMO-NBU,0
DUL-B-331-GL,0
DUL-B-331-KHK,0
DUL-B-331-NAT,0
DUL-B-331-NVY,0
DUL-B-331-OD,0
DUL-B-331-ORG,0
DUL-B-331-PNK,0
DUL-B-331-RED,0
DUL-B-331-ROY,0
DUL-B-331-SPR,0
DUL-B-331-TNG,0
DUL-B-331-WAX-GRY,0
DUL-B-331-WAX-KHK,0
DUL-B-331-WAX-OD,0
DUL-B-332-BLK,1
DUL-B-332-BRG,0
DUL-B-332-BRN,0
DUL-B-332-CAMO-NBU,0
DUL-B-332-GL,0
DUL-B-332-KHK,0
DUL-B-332-NAT,0
DUL-B-332-NVY,0
DUL-B-332-OD,1
DUL-B-332-ORG,0
DUL-B-332-PNK,0
DUL-B-332-RED,0
DUL-B-332-ROY,0
DUL-B-332-SPR,0
DUL-B-332-TNG,0
DUL-B-332-WAX-GRY,3
DUL-B-332-WAX-KHK,1
DUL-B-332-WAX-OD,1
DUL-B-333-BLK,0
DUL-B-333-BRG,0
DUL-B-333-CAMO-BTL,0
DUL-B-333-NAT,0
DUL-B-333-NVY,0
DUL-B-333-OD,0
DUL-B-333-ORG,0
DUL-B-333-ROY,0
DUL-B-333-WAX-GRY,0
DUL-B-333-WAX-KHK,0
DUL-B-333-WAX-OD,0
DUL-B-349-BLK,1
DUL-B-349-BRG,0
DUL-B-349-BRN,0
DUL-B-349-KHK,0
DUL-B-349-NAT,0
DUL-B-349-NVY,0
DUL-B-349-OD,3
DUL-B-349-WAX-KHK,1
DUL-B-350-KHK,0
DUL-B-350-NVY,0
DUL-B-350-ORG,0
DUL-B-350-WAX-KHK,0
DUL-B-386-BLK,0
DUL-B-386-BRG,0
DUL-B-386-BRN,0
DUL-B-386-CAMO-BTL,0
DUL-B-386-GL,0
DUL-B-386-GRY,0
DUL-B-386-KHK,0
DUL-B-386-NAT,0
DUL-B-386-NVY,0
DUL-B-386-OD,1
DUL-B-386-ORG,0
DUL-B-386-ROY,0
DUL-B-386W-CLASSIC,0
DUL-B-386-WAX-GRY,0
DUL-B-386-WAX-KHK,1
DUL-B-386-WAX-OD,0
DUL-B-400-BRG,0
DUL-B-400-KHK,0
DUL-B-400-NAT,0
DUL-B-400-NVY,0
DUL-B-400-OD,0
DUL-B-400-PNK,0
DUL-B-400-RED,0
DUL-B-400-ROY,0
DUL-B-400-SPR,0
DUL-B-400-TNG,0
DUL-B-403-BLK,0
DUL-B-403-BRG,0
DUL-B-403-BRN,0
DUL-B-403-CAMO-BTL,0
DUL-B-403-CAMO-NBU,0
DUL-B-403-GL,0
DUL-B-403-GRY,0
DUL-B-403-KHK,0
DUL-B-403-NAT,0
DUL-B-403-NVY,0
DUL-B-403-OD,0
DUL-B-403-OD-2ND,0
DUL-B-403-ORG,0
DUL-B-403-PNK,0
DUL-B-403-PUR,0
DUL-B-403-RED,0
DUL-B-403-ROY,0
DUL-B-403-SPR,0
DUL-B-403-TNG,0
DUL-B-403W-CLASSIC,0
DUL-B-403-WAX-BLU-WAX-GRY,0
DUL-B-403-WAX-BRN-BRG,0
DUL-B-403-WAX-GRN-WAX-GRY,0
DUL-B-403-WAX-GRY,0
DUL-B-403-WAX-KHK,0
DUL-B-403-WAX-OD,0
DUL-B-403-WAX-PNK-NAT,0
DUL-B-405-BLK,2
DUL-B-405-BRG,1
DUL-B-405-BRN,0
DUL-B-405-CAMO-BTL,1
DUL-B-405-GL,0
DUL-B-405-GRY,0
DUL-B-405-KHK,0
DUL-B-405-NAT,0
DUL-B-405-NVY,5
DUL-B-405-OD,1
DUL-B-405-ORG,0
DUL-B-405-PUR,0
DUL-B-405-ROY,2
DUL-B-405-WAX-GRY,4
DUL-B-405-WAX-KHK,8
DUL-B-405-WAX-OD,1
DUL-B-410W-CLASSIC,0
DUL-B-460-BLK,0
DUL-B-460-BRG,1
DUL-B-460-CAMO-BTL,1
DUL-B-460-NAT,0
DUL-B-460-NVY,1
DUL-B-460-OD,1
DUL-B-460-ORG,0
DUL-B-460-ROY,0
DUL-B-460-WAX-GRY,0
DUL-B-460-WAX-KHK,1
DUL-B-460-WAX-OD,4
DUL-B-470-BLK,2
DUL-B-470-BRG,1
DUL-B-470-CAMO-BTL,0
DUL-B-470-NAT,0
DUL-B-470-NVY,2
DUL-B-470-OD,3
DUL-B-470-ORG,0
DUL-B-470-ROY,0
DUL-B-470-WAX-GRY,1
DUL-B-470-WAX-KHK,1
DUL-B-470-WAX-OD,0
DUL-B-500-BLK,4
DUL-B-500-BRG,2
DUL-B-500-BRN,0
DUL-B-500-CAMO-BTL,2
DUL-B-500-CAMO-NBU,0
DUL-B-500-GL,0
DUL-B-500-GRY,0
DUL-B-500-KHK,0
DUL-B-500-NAT,1
DUL-B-500-NVY,1
DUL-B-500-OD,6
DUL-B-500-ORG,0
DUL-B-500-PNK,0
DUL-B-500-PUR,0
DUL-B-500-RED,0
DUL-B-500-ROY,0
DUL-B-500-SPR,0
DUL-B-500-TNG,0
DUL-B-500-WAX-BLU-WAX-GRY,0
DUL-B-500-WAX-BRN-BRG,0
DUL-B-500-WAX-GLD-NVY,0
DUL-B-500-WAX-GRN-WAX-GRY,0
DUL-B-500-WAX-GRY,4
DUL-B-500-WAX-KHK,0
DUL-B-500-WAX-OD,2
DUL-B-500-WAX-ORG-WAX-GRN,0
DUL-B-500-WAX-RED-WAX-KHK,0
DUL-B-501-WL-GL,1
DUL-B-5011-NVY,6
DUL-B-501-BLK,7
DUL-B-501-BRG,1
DUL-B-501-BRN,0
DUL-B-501-CAMO-BTL,1
DUL-B-501-GL,0
DUL-B-501-GRY,0
DUL-B-501-KHK,0
DUL-B-501-NAT,1
DUL-B-501-NVY,4
DUL-B-501-OD,6
DUL-B-501-ORG,0
DUL-B-501-PUR,0
DUL-B-501-ROY,0
DUL-B-501-WAX-GRY,9
DUL-B-501-WAX-KHK,4
DUL-B-501-WAX-OD,3
DUL-B-502-BLK,0
DUL-B-502-BRG,0
DUL-B-502-BRN,0
DUL-B-502-CAMO-BTL,0
DUL-B-502-GL,0
DUL-B-502-GRY,0
DUL-B-502-KHK,0
DUL-B-502-NAT,0
DUL-B-502-NVY,0
DUL-B-502-OD,0
DUL-B-502-ORG,0
DUL-B-502-ROY,0
DUL-B-502-WAX-BRN-BRG,0
DUL-B-502-WAX-GRY,0
DUL-B-502-WAX-KHK,0
DUL-B-502-WAX-OD,0
DUL-B-502-WAX-ORG-WAX-GRN,0
DUL-B-502-WAX-PUR-BLK,0
DUL-B-502-WAX-RED-WAX-KHK,0
DUL-B-503-BLK,0
DUL-B-503-BRG,2
DUL-B-503-BRN,0
DUL-B-503-CAMO-BTL,1
DUL-B-503-NAT,0
DUL-B-503-NVY,1
DUL-B-503-OD,3
DUL-B-503-ORG,1
DUL-B-503-ROY,0
DUL-B-503-WAX-GRY,2
DUL-B-503-WAX-KHK,1
DUL-B-503-WAX-OD,1
DUL-B-504-BLK,0
DUL-B-504-BRG,0
DUL-B-504-BRN,0
DUL-B-504-CAMO-BTL,0
DUL-B-504-NAT,0
DUL-B-504-NVY,0
DUL-B-504-OD,0
DUL-B-504-ORG,0
DUL-B-504-ROY,0
DUL-B-504-WAX-GRY,0
DUL-B-504-WAX-KHK,0
DUL-B-504-WAX-OD,0
DUL-B-511-BLK,10
DUL-B-511-BRG,3
DUL-B-511-BRN,0
DUL-B-511-CAMO-BTL,3
DUL-B-511-GL,0
DUL-B-511-GRY,0
DUL-B-511-KHK,0
DUL-B-511-NAT,2
DUL-B-511-NVY,10
DUL-B-511-OD,6
DUL-B-511-ORG,0
DUL-B-511-PUR,0
DUL-B-511-ROY,2
DUL-B-511W-CLASSIC,0
DUL-B-511-WAX-GRY,19
DUL-B-511-WAX-KHK,5
DUL-B-511-WAX-OD,11
DUL-B-512-LM-NVY,0
DUL-B-512-BLK,6
DUL-B-512-BRG,6
DUL-B-512-BRN,0
DUL-B-512-CAMO-BTL,3
DUL-B-512-GL,0
DUL-B-512-GRY,0
DUL-B-512-KHK,0
DUL-B-512-NAT,0
DUL-B-512-NVY,6
DUL-B-512-OD,7
DUL-B-512-ORG,0
DUL-B-512-PUR,0
DUL-B-512-ROY,0
DUL-B-512-WAX-GRY,5
DUL-B-512-WAX-KHK,9
DUL-B-512-WAX-OD,3
DUL-B-513-BLK,0
DUL-B-513-BRG,0
DUL-B-513-BRN,0
DUL-B-513-CAMO-BTL,0
DUL-B-513-GL,0
DUL-B-513-GRY,0
DUL-B-513-KHK,0
DUL-B-513-NAT,0
DUL-B-513-NVY,0
DUL-B-513-OD,0
DUL-B-513-ORG,0
DUL-B-513-PUR,0
DUL-B-513-ROY,0
DUL-B-513-WAX-GRY,0
DUL-B-513-WAX-KHK,0
DUL-B-513-WAX-OD,0
DUL-B-514-BLK,1
DUL-B-514-BRG,2
DUL-B-514-BRN,0
DUL-B-514-CAMO-BTL,0
DUL-B-514-GL,0
DUL-B-514-GRY,0
DUL-B-514-KHK,0
DUL-B-514-NAT,0
DUL-B-514-NVY,1
DUL-B-514-OD,0
DUL-B-514-ORG,0
DUL-B-514-PUR,0
DUL-B-514-ROY,0
DUL-B-514-WAX-GRY,2
DUL-B-514-WAX-KHK,0
DUL-B-514-WAX-OD,2
DUL-B-515-BLK,0
DUL-B-515-BRG,0
DUL-B-515-BRN,0
DUL-B-515-CAMO-BTL,0
DUL-B-515-GL,0
DUL-B-515-GRY,0
DUL-B-515-KHK,0
DUL-B-515-NAT,0
DUL-B-515-NVY,0
DUL-B-515-OD,0
DUL-B-515-ORG,0
DUL-B-515-PUR,0
DUL-B-515-ROY,0
DUL-B-515-WAX-GRY,0
DUL-B-515-WAX-KHK,0
DUL-B-515-WAX-OD,0
DUL-B-520-BLK,1
DUL-B-520-BRG,2
DUL-B-520-BRN,0
DUL-B-520-CAMO-BTL,0
DUL-B-520-NAT,0
DUL-B-520-NVY,1
DUL-B-520-OD,1
DUL-B-520-ORG,0
DUL-B-520-ROY,0
DUL-B-520-WAX-GRY,2
DUL-B-520-WAX-KHK,0
DUL-B-520-WAX-OD,1
DUL-B-521-BLK,0
DUL-B-521-BRG,0
DUL-B-521-BRN,0
DUL-B-521-CAMO-BTL,0
DUL-B-521-NAT,0
DUL-B-521-NVY,0
DUL-B-521-OD,0
DUL-B-521-ORG,0
DUL-B-521-ROY,0
DUL-B-521-WAX-GRY,0
DUL-B-521-WAX-KHK,0
DUL-B-521-WAX-OD,0
DUL-B-620-BLK,6
DUL-B-620-NVY,5
DUL-B-620-OD,8
DUL-B-TESTING-BLK,0
DUL-C-180-L,1
DUL-C-180-M,2
DUL-C-180-S,0
DUL-C-180-XL,0
DUL-C-180-XS,0
DUL-C-180-XXL,1
DUL-C-183-L-BRG-WP,0
DUL-C-183-L-FOR-WP,0
DUL-C-183-L-NVY-WP,0
DUL-C-183-M-BRG-WP,0
DUL-C-183-M-FOR-WP,0
DUL-C-183-M-NVY-WP,0
DUL-C-183-S-BRG-WP,0
DUL-C-183-S-FOR-WP,0
DUL-C-183-S-NVY-WP,0
DUL-C-183-XL-BRG-WP,0
DUL-C-183-XL-FOR-WP,0
DUL-C-183-XL-NVY-WP,0
DUL-C-183-XS-BRG-WP,0
DUL-C-183-XS-FOR-WP,0
DUL-C-183-XS-NVY-WP,0
DUL-C-183-XXL-BRG-WP,0
DUL-C-183-XXL-FOR-WP,0
DUL-C-183-XXL-NVY-WP,0
DUL-C-184-FOR-L,0
DUL-C-185-L-BLK,0
DUL-C-185-L-NAT,0
DUL-C-185-M-BLK,0
DUL-C-185-M-NAT,4
DUL-C-185-S-BLK,0
DUL-C-185-S-NAT,5
DUL-C-185-XL-BLK,0
DUL-C-185-XL-NAT,5
DUL-C-190-L-BRG,0
DUL-C-190-L-CLASSIC,0
DUL-C-190-L-FOR,0
DUL-C-190-L-NVY,0
DUL-C-190-M-BRG,0
DUL-C-190-M-CLASSIC,0
DUL-C-190-M-FOR,0
DUL-C-190-M-NVY,0
DUL-C-190-S-BRG,0
DUL-C-190-S-CLASSIC,0
DUL-C-190-S-FOR,0
DUL-C-190-S-NVY,0
DUL-C-190-XL-BRG,0
DUL-C-190-XL-CLASSIC,0
DUL-C-190-XL-FOR,0
DUL-C-190-XL-NVY,0
DUL-C-190-XXL-BRG,0
DUL-C-190-XXL-CLASSIC,0
DUL-C-190-XXL-FOR,0
DUL-C-190-XXL-NVY,0
DUL-C-195-L-BRG,0
DUL-C-195-L-CLASSIC,0
DUL-C-195-L-FOR,0
DUL-C-195-L-NVY,0
DUL-C-195-M-BRG,0
DUL-C-195-M-CLASSIC,0
DUL-C-195-M-FOR,0
DUL-C-195-M-NVY,0
DUL-C-195-S-BRG,0
DUL-C-195-S-CLASSIC,0
DUL-C-195-S-FOR,0
DUL-C-195-S-NVY,0
DUL-C-195-XL-BRG,0
DUL-C-195-XL-CLASSIC,0
DUL-C-195-XL-FOR,0
DUL-C-195-XL-NVY,0
DUL-C-195-XXL-BRG,0
DUL-C-195-XXL-CLASSIC,0
DUL-C-195-XXL-FOR,0
DUL-C-195-XXL-NVY,0
DUL-C-370-WAX-KHK,0
DUL-C-380-WAX-KHK,4
DUL-C-380-WAX-OD,5
DUL-DB-050-W-CAS,0
DUL-DB-101-SAXTON,0
DUL-DB-101-TSHALE,0
DUL-DB-101WAX-STORMY,0
DUL-DB-101-W-B/R,0
DUL-DB-101-W-DUSK,0
DUL-DB-101-W-G/O,0
DUL-DB-101-W-SHONTO,0
DUL-DB-130-DEN,0
DUL-DB-130-SAXTON,0
DUL-DB-130-TSHALE,0
DUL-DB-130WAX-BLU,0
DUL-DB-130WAX-BRN,0
DUL-DB-130-WAX-KHK-BTL,0
DUL-DB-130WAX-ORG,0
DUL-DB-130WAX-STORMY,0
DUL-DB-130-W-B/R,0
DUL-DB-130-W-BRICK,0
DUL-DB-130-W-CAS,0
DUL-DB-130-W-FSGB,0
DUL-DB-130-W-FSGG,0
DUL-DB-130-W-G/O,0
DUL-DB-130-W-IND/RED,0
DUL-DB-130-W-OLV/NAT,0
DUL-DB-130-W-SHONTO,0
DUL-DB-134-W-B/R,0
DUL-DB-134-W-G/O,0
DUL-DB-1365-TSHALE,0
DUL-DB-1365WAX-BRN,0
DUL-DB-1365-W-BGAZ,0
DUL-DB-1365-W-RPAZ,0
DUL-DB-136-W-RPAZ,0
DUL-DB-1403-W-BRICK,0
DUL-DB-1405-DEN,0
DUL-DB-1405-W-B/R,0
DUL-DB-1405-W-CAS,0
DUL-DB-1405-W-FSGB,0
DUL-DB-1405-W-FSGG,0
DUL-DB-1405-W-G/O,0
DUL-DB-1405-W-IND/RED,0
DUL-DB-1405-W-OLV/NAT,0
DUL-DB-1405-W-SHONTO,0
DUL-DB-1409-OD,0
DUL-DB-141-WAX-STORMY,0
DUL-DB-142-DEN,0
DUL-DB-404-PR-TAN,0
DUL-DB-500WAX-BRN,0
DUL-DB-511-PR-TAN,0
DUL-DP-201-BLK-30,7
DUL-DP-201-BLK-32,2
DUL-DP-201-BLK-34,8
DUL-DP-201-BLK-36,14
DUL-DP-201-BLK-38,0
DUL-DP-201-BLK-40,4
DUL-DP-201-BLK-42,8
DUL-DP-201-BLK-44,2
DUL-DP-201-BLK-46,4
DUL-DP-201-BRN-30,5
DUL-DP-201-BRN-32,0
DUL-DP-201-BRN-34,14
DUL-DP-201-BRN-36,4
DUL-DP-201-BRN-38,8
DUL-DP-201-BRN-40,6
DUL-DP-201-BRN-42,0
DUL-DP-201-BRN-44,4
DUL-DP-201-BRN-46,4
DUL-DP-202-BLK-30,12
DUL-DP-202-BLK-32,7
DUL-DP-202-BLK-34,2
DUL-DP-202-BLK-36,3
DUL-DP-202-BLK-38,1
DUL-DP-202-BLK-40,1
DUL-DP-202-BLK-42,2
DUL-DP-202-BLK-44,4
DUL-DP-202-BLK-46,0
DUL-DP-202-BRN-30,7
DUL-DP-202-BRN-32,3
DUL-DP-202-BRN-34,4
DUL-DP-202-BRN-36,3
DUL-DP-202-BRN-38,0
DUL-DP-202-BRN-40,3
DUL-DP-202-BRN-42,0
DUL-DP-202-BRN-44,1
DUL-DP-202-BRN-46,1
DUL-DP-300-BIS,0
DUL-DS-121-KHK,0
DUL-DS-121-WAX-KHK-BTL,0
DUL-DS-510WAX-BRN,0
DUL-DT-212-W-BRICK,0
DUL-DT-212-W-FSG,0
DUL-DT-382WAX-BRN,0
DUL-DT-397-SAXTON,0
DUL-DT-397-TSHALE,0
DUL-DT-398-KHK,0
DUL-DT-398-PR-TAN,0
DUL-DT-398WAX-BRN,0
DUL-DT-722-W-DUSK,0
DUL-DT-750-KHK,1
DUL-DT-750-PR-TAN,0
DUL-E-113-BRG,0
DUL-E-113-BRN,0
DUL-E-113-CAMO-NBU,0
DUL-E-113-GL,0
DUL-E-113-KHK,0
DUL-E-113-NAT,0
DUL-E-113-NVY,0
DUL-E-113-OD,0
DUL-E-113-ORG,0
DUL-E-113-PNK,0
DUL-E-113-RED,0
DUL-E-113-ROY,0
DUL-E-113-SPR,0
DUL-E-113-TNG,0
DUL-E-113-WAX-GRY,0
DUL-E-113-WAX-KHK,0
DUL-E-113-WAX-OD,0
DUL-E-172-1-1-2-BRN,0
DUL-E-172-2-BRN,0
DUL-H-100-BLK,0
DUL-H-100-BRG,0
DUL-H-100-BRN,0
DUL-H-100-CAMO-BTL,0
DUL-H-100-CAMO-NBU,0
DUL-H-100-GL,0
DUL-H-100-GRY,0
DUL-H-100-KHK,0
DUL-H-100-NAT,0
DUL-H-100-NVY,0
DUL-H-100-OD,2
DUL-H-100-ORG,0
DUL-H-100-PNK,0
DUL-H-100-PUR,0
DUL-H-100-RED,0
DUL-H-100-ROY,0
DUL-H-100-SPR,0
DUL-H-100-TNG,0
DUL-H-100-WAX-GRY,0
DUL-H-100-WAX-KHK,0
DUL-H-100-WAX-OD,0
DUL-H-200-BLK,0
DUL-H-200-BRG,0
DUL-H-200-BRN,0
DUL-H-200-CAMO-BTL,0
DUL-H-200-CAMO-NBU,0
DUL-H-200-GL,0
DUL-H-200-GRY,0
DUL-H-200-KHK,0
DUL-H-200-NAT,0
DUL-H-200-NVY,1
DUL-H-200-OD,0
DUL-H-200-ORG,1
DUL-H-200-PNK,0
DUL-H-200-PUR,0
DUL-H-200-RED,0
DUL-H-200-ROY,0
DUL-H-200-SPR,0
DUL-H-200-TNG,0
DUL-H-200W-CLASSIC,0
DUL-H-200-WAX-GRY,3
DUL-H-200-WAX-KHK,3
DUL-H-200-WAX-OD,1
DUL-H-300-BLK,0
DUL-H-300-BRG,0
DUL-H-300-BRN,0
DUL-H-300-CAMO-BTL,0
DUL-H-300-GL,0
DUL-H-300-GRY,0
DUL-H-300-KHK,0
DUL-H-300-NAT,0
DUL-H-300-NVY,0
DUL-H-300-OD,0
DUL-H-300-ORG,0
DUL-H-300-PUR,0
DUL-H-300-ROY,0
DUL-H-300-WAX,0
DUL-H-400-BLK,7
DUL-H-400-BRG,0
DUL-H-400-CAMO-BTL,4
DUL-H-400-NAT,0
DUL-H-400-NVY,1
DUL-H-400-OD,7
DUL-H-400-ORG,3
DUL-H-400-ROY,0
DUL-H-400-WAX-GRY,4
DUL-H-400-WAX-KHK,3
DUL-H-400-WAX-OD,2
DUL-HEN-0001-WAX-GRY,0
DUL-HEN-0001-WAX-KHK,0
DUL-HEN-0001-WAX-OD,0
DUL-HEN-0001-WAX-OD-BRN,0
DUL-HEN-0004-BRN,0
DUL-HEN-0026-WAX-KHK,0
DUL-HEN-0026-WAX-OD,0
DUL-HEN-0026-WAX-OD-BRN,0
DUL-L-050-BLK,3
DUL-L-050-BRN,1
DUL-L-050-PB-BLK,1
DUL-L-050-PB-BRN,0
DUL-L-101-BLK,12
DUL-L-101-BRN,4
DUL-L-104-BIS,7
DUL-L-104-BLK,11
DUL-L-104-BRN,14
DUL-L-105-BLK,0
DUL-L-105-BRN,0
DUL-L-121-BLK,1
DUL-L-121-BRN,3
DUL-L-121-PB-BLK,4
DUL-L-121-PB-BRN,2
DUL-L-122-BLK,1
DUL-L-122-BRN,0
DUL-L-122-PB-BLK,0
DUL-L-122-PB-BRN,0
DUL-L-1271-WL-BLK,3
DUL-L-1271-WL-BRN,0
DUL-L-127-BLK,0
DUL-L-127-BRN,0
DUL-L-127-PB-BLK,0
DUL-L-127-PB-BRN,0
DUL-L-130-BLK,0
DUL-L-130-BRN,0
DUL-L-130-PB-BLK,3
DUL-L-130-PB-BRN,1
DUL-L-134-BLK,0
DUL-L-134-BRN,0
DUL-L-134-PB-BLK,0
DUL-L-135-BLK,3
DUL-L-135-BRN,1
DUL-L-135-PB-BLK,0
DUL-L-135-PB-BRN,0
DUL-L-1365-BLK,0
DUL-L-1365-BRN,0
DUL-L-1365-PB-BLK,1
DUL-L-1365-PB-BRN,1
DUL-L-136-BLK,4
DUL-L-136-BRN,1
DUL-L-136-PB-BLK,3
DUL-L-136-PB-BRN,3
DUL-L-161-BLK,0
DUL-L-161-BRN,2
DUL-L-161-PB-BLK,2
DUL-L-161-PB-BRN,2
DUL-L-180-BLK,1
DUL-L-180-BRN,1
DUL-L-220-BLK,1
DUL-L-220-BRN,2
DUL-L-309-SH-BLK,0
DUL-L-309-SH-BRN,0
DUL-L-309-SH-PB-BLK,2
DUL-L-309-SH-PB-BRN,0
DUL-L-310-PS-PB-BLK,0
DUL-L-310-SH-BLK,0
DUL-L-310-SH-BRN,0
DUL-L-310-SH-PB-BLK,0
DUL-L-310-SH-PB-BRN,0
DUL-L-312-BLK,0
DUL-L-312-BRN,2
DUL-L-312-PB-BLK,2
DUL-L-312-PB-BRN,0
DUL-L-313-SH-BLK,0
DUL-L-313-SH-BRN,0
DUL-L-313-SH-PB-BLK,0
DUL-L-313-SH-PB-BRN,0
DUL-L-323-BLK,0
DUL-L-323-BRN,0
DUL-L-323-PB-BLK,0
DUL-L-323-PB-BRN,0
DUL-L-365-BLK,7
DUL-L-365-BRN,10
DUL-L-387-BLK,8
DUL-L-387-BRN,5
DUL-L-400-BIS-BRN,0
DUL-L-402-BLK,3
DUL-L-402-BRN,2
DUL-L-402-PB-BLK,2
DUL-L-402-PB-BRN,0
DUL-L-403-PB-BLK,0
DUL-L-403-PB-BRN,0
DUL-L-430-BLK,4
DUL-L-430-BRN,0
DUL-L-431-BLK,18
DUL-L-431-BRN,8
DUL-L-499-PB-BLK,0
DUL-L-502-WL-BLK,4
DUL-L-502-WL-BRN,0
DUL-L-502-BLK,2
DUL-L-502-BRN,5
DUL-L-502-PB-BLK,0
DUL-L-502-PB-BRN,3
DUL-L-510-SH-43-BLK,0
DUL-L-510-SH-43-PB-BLK,0
DUL-L-510-SH-43-PB-BRN,0
DUL-L-510-SH-46-PB-BLK,0
DUL-L-510-SH-46-PB-BRN,0
DUL-L-510-SH-49-BLK,2
DUL-L-510-SH-49-PB-BLK,0
DUL-L-510-SH-49-PB-BRN,0
DUL-L-510-SH-52-BLK,0
DUL-L-510-SH-52-BRN,0
DUL-L-510-SH-52-PB-BLK,0
DUL-L-510-SH-55-BLK,0
DUL-L-510-SH-55-PB-BLK,0
DUL-L-510-SH-55-PB-BRN,0
DUL-L-520-SH-43-BLK,0
DUL-L-520-SH-43-PB-BLK,0
DUL-L-520-SH-43-PB-BRN,0
DUL-L-520-SH-46-BLK,0
DUL-L-520-SH-46-PB-BRN,0
DUL-L-520-SH-49-BLK,0
DUL-L-520-SH-49-PB-BLK,0
DUL-L-520-SH-49-PB-BRN,0
DUL-L-520-SH-52-BLK,0
DUL-L-520-SH-52-PB-BLK,0
DUL-L-520-SH-52-PB-BRN,0
DUL-L-520-SH-55-BLK,0
DUL-L-520-SH-55-PB-BLK,0
DUL-L-610-BLK,0
DUL-L-610-BRN,0
DUL-L-610-PB-BLK,0
DUL-L-610-PB-BRN,0
DUL-L-630-BIS-BRN,0
DUL-L-630-BLK,0
DUL-L-630-BRN,0
DUL-L-630-PB-BLK,0
DUL-L-630-PB-BRN,0
DUL-L-6605-BLK,0
DUL-L-6605-BRN,0
DUL-L-660-BLK,0
DUL-L-660-BRN,0
DUL-L-670-WL-BLK,0
DUL-L-670-BLK,3
DUL-L-670-BRN,3
DUL-L-721-BLK,0
DUL-L-721-BRN,0
DUL-L-721-PB-BLK,0
DUL-L-721-PB-BRN,0
DUL-L-722-BLK,0
DUL-L-722-BRN,0
DUL-L-722-PB-BLK,0
DUL-L-722-PB-BRN,0
DUL-L-725-BLK,0
DUL-L-725-BRN,0
DUL-L-725-PB-BLK,0
DUL-L-725-PB-BRN,0
DUL-L-726-BLK,0
DUL-L-726-BRN,1
DUL-L-726-PB-BLK,0
DUL-L-726-PB-BRN,0
DUL-L-750-BRN,1
DUL-L-803-BIS-BRN,0
DUL-L-803-BLK,0
DUL-L-803-BRN,0
DUL-L-805-BLK,0
DUL-L-805-BRN,0
DUL-L-903-BLK,0
DUL-L-903-BLKQD,0
DUL-L-903-BRN,3
DUL-L-903-BRNQD,2
DUL-LB-050-BLK,4
DUL-LB-050-BRN,0
DUL-LB-062-HER,1
DUL-LB-072-HER,5
DUL-LB-121-HER,1
DUL-LB-121-BLK,9
DUL-LB-121-BRN,1
DUL-LB-122-BLK,0
DUL-LB-122-BRN,0
DUL-LB-1271-HER,2
DUL-LB-127-BLK,0
DUL-LB-127-BRN,0
DUL-LB-130-HER,1
DUL-LB-130-BLK,0
DUL-LB-130-BRN,1
DUL-LB-134-BRN,0
DUL-LB-135-BLK,0
DUL-LB-135-BRN,0
DUL-LB-1365-BLK,3
DUL-LB-1365-BRN,0
DUL-LB-136-BLK,2
DUL-LB-136-BRN,2
DUL-LB-161-BRN,0
DUL-LB-180-BLK,3
DUL-LB-180-BRN,6
DUL-LB-309-SH-BLK,0
DUL-LB-309-SH-BRN,1
DUL-LB-310-HER-PS,0
DUL-LB-310-HER-SH,2
DUL-LB-310-SH-BLK,1
DUL-LB-310-SH-BRN,1
DUL-LB-312-BLK,0
DUL-LB-312-BRN,2
DUL-LB-313-SH-BLK,0
DUL-LB-313-SH-BRN,0
DUL-LB-321-BLK,1
DUL-LB-321-BRN,2
DUL-LB-323-BLK,0
DUL-LB-323-BRN,0
DUL-LB-365-HER,0
DUL-LB-398-HER,0
DUL-LB-398-BRN,0
DUL-LB-402-BLK,3
DUL-LB-402-BRN,0
DUL-LB-490-BLK,0
DUL-LB-490-BRN,3
DUL-LB-502-BLK,0
DUL-LB-503-BRN,1
DUL-LB-507-BLK,1
DUL-LB-510-HER-PS-49,0
DUL-LB-510-HER-PS-52,0
DUL-LB-510-HER-PS-55,0
DUL-LB-510-HER-SH-49,3
DUL-LB-510-HER-SH-52,0
DUL-LB-510-HER-SH-55,0
DUL-LB-510-SH-43-BLK,0
DUL-LB-510-SH-43-BRN,1
DUL-LB-510-SH-46-BLK,0
DUL-LB-510-SH-46-BRN,0
DUL-LB-510-SH-49-BLK,0
DUL-LB-510-SH-49-BRN,0
DUL-LB-510-SH-52-BLK,1
DUL-LB-510-SH-52-BRN,2
DUL-LB-510-SH-55-BLK,0
DUL-LB-510-SH-55-BRN,0
DUL-LB-520-HER-PS-49,4
DUL-LB-520-HER-PS-52,4
DUL-LB-520-HER-SH-49,3
DUL-LB-520-HER-SH-52,2
DUL-LB-520-SH-43-BLK,0
DUL-LB-520-SH-43-BRN,0
DUL-LB-520-SH-46-BLK,0
DUL-LB-520-SH-46-BRN,0
DUL-LB-520-SH-49-BLK,1
DUL-LB-520-SH-49-BRN,0
DUL-LB-520-SH-52-BRN,0
DUL-LB-520-SH-55-BLK,0
DUL-LB-520-SH-55-BRN,0
DUL-LB-550-49-BRN,0
DUL-LB-610-BLK,0
DUL-LB-610-BRN,0
DUL-LB-626-BLK,0
DUL-LB-626-BRN,0
DUL-LB-650-HER,0
DUL-LB-6605-HER,0
DUL-LB-6605-BLK,0
DUL-LB-6605-BRN,0
DUL-LB-660-BLK,0
DUL-LB-660-BRN,0
DUL-LB-670-BLK,2
DUL-LB-670-BRN,1
DUL-LB-721-BLK,0
DUL-LB-721-BRN,0
DUL-LB-722-BLK,0
DUL-LB-722-BRN,0
DUL-LB-725-BLK,0
DUL-LB-725-BRN,0
DUL-LB-750-HER,0
DUL-LB-750-BLK,1
DUL-LB-750-BRN,2
DUL-LC-134-BLK-WHT,0
DUL-LC-312-BLK-WHT,0
DUL-LN-105-CML,0
DUL-LN-111-CML,0
DUL-LN-111-ESP,0
DUL-LN-111-PR,0
DUL-LN-111-STR,0
DUL-LN-112-CML,0
DUL-LN-112-ESP,0
DUL-LN-1365-CML,0
DUL-LN-1365-ESP,0
DUL-LN-1365-PR,0
DUL-LN-1365-STR,0
DUL-LN-136-ESP,0
DUL-LN-137-CML,0
DUL-LN-137-ESP,0
DUL-LN-137-PR,0
DUL-LN-137-STR,0
DUL-LN-162-CML,0
DUL-LN-162-ESP,0
DUL-LN-312-CML,0
DUL-LN-312-ESP,0
DUL-LN-402-CML,0
DUL-LN-402-ESP,0
DUL-LN-627-ESP,0
DUL-LN-721-CML,0
DUL-LN-721-ESP,0
DUL-LN-722-CML,0
DUL-LP-626,0
DUL-LP-626-BLK,0
DUL-LP-627-BRN,0
DUL-M-101-BLK,0
DUL-M-101-BRG,1
DUL-M-101-BRN,0
DUL-M-101-CAMO-NBU,0
DUL-M-101-GL,0
DUL-M-101-KHK,0
DUL-M-101-NAT,0
DUL-M-101-NVY,1
DUL-M-101-OD,0
DUL-M-101-ORG,0
DUL-M-101-PNK,0
DUL-M-101-RED,0
DUL-M-101-ROY,0
DUL-M-101-SPR,0
DUL-M-101-TNG,0
DUL-M-101-WAX-GRY,8
DUL-M-101-WAX-KHK,0
DUL-M-101-WAX-OD,2
DUL-M-102-BLK,0
DUL-M-102-BRG,0
DUL-M-102-BRN,0
DUL-M-102-KHK,0
DUL-M-102-NAT,0
DUL-M-102-NVY,0
DUL-M-102-OD,0
DUL-M-102-ORG,0
DUL-M-102-PNK,0
DUL-M-102-RED,0
DUL-M-102-ROY,0
DUL-M-102-SPR,0
DUL-M-102-TNG,0
DUL-M-104-BLK,0
DUL-M-104-BRG,0
DUL-M-104-BRN,0
DUL-M-104-CAMO-NBU,0
DUL-M-104-GL,0
DUL-M-104-KHK,0
DUL-M-104-NAT,0
DUL-M-104-NVY,0
DUL-M-104-OD,0
DUL-M-104-ORG,0
DUL-M-104-PNK,0
DUL-M-104-RED,0
DUL-M-104-ROY,0
DUL-M-104-SPR,0
DUL-M-104-TNG,0
DUL-M-104-WAX,0
DUL-M-112-WAX-KHK,10
DUL-M-170-HER-LOGO,0
DUL-M-170-BISON-LOGO,0
DUL-M-170-BLK-LOGO,27
DUL-M-170-BRN-LOGO,11
DUL-M-170-CML/LOGO,0
DUL-M-180-BLK,47
DUL-M-180-BRN,28
DUL-M-2000-BRN,24
DUL-M-4700-BLK,0
DUL-M-4700-BRG,0
DUL-M-4700-CAMO-BTL,0
DUL-M-4700-NAT,0
DUL-M-4700-NVY,0
DUL-M-4700-OD,0
DUL-M-4700-ORG,0
DUL-M-4700-ROY,0
DUL-M-4700-WAX-GRY,0
DUL-M-4700-WAX-KHK,0
DUL-M-4700-WAX-OD,0
DUL-M-4710-BLK,0
DUL-M-4710-BRG,0
DUL-M-4710-CAMO-BTL,3
DUL-M-4710-NAT,0
DUL-M-4710-NVY,0
DUL-M-4710-OD,0
DUL-M-4710-ORG,0
DUL-M-4710-ROY,0
DUL-M-4710-WAX-GRY,0
DUL-M-4710-WAX-KHK,0
DUL-M-4710-WAX-OD,0
DUL-M-4720-BLK,0
DUL-M-4720-BRG,0
DUL-M-4720-CAMO-BTL,0
DUL-M-4720-NAT,0
DUL-M-4720-NVY,0
DUL-M-4720-OD,0
DUL-M-4720-ORG,0
DUL-M-4720-ROY,0
DUL-M-4720-WAX-GRY,0
DUL-M-4720-WAX-KHK,0
DUL-M-4720-WAX-OD,0
DUL-M-4750-BLK,0
DUL-M-4750-BRG,0
DUL-M-4750-CAMO-BTL,0
DUL-M-4750-NAT,0
DUL-M-4750-NVY,0
DUL-M-4750-OD,0
DUL-M-4750-ORG,0
DUL-M-4750-ROY,0
DUL-M-4750-WAX-GRY,0
DUL-M-4750-WAX-KHK,0
DUL-M-4750-WAX-OD,0
DUL-M-480-BRG,3
DUL-M-480-BRN,0
DUL-M-480-CAMO-NBU,0
DUL-M-480-GL,0
DUL-M-480-KHK,0
DUL-M-480-NAT,0
DUL-M-480-NVY,0
DUL-M-480-OD,3
DUL-M-480-ORG,2
DUL-M-480-PNK,0
DUL-M-480-RED,0
DUL-M-480-ROY,0
DUL-M-480-SPR,0
DUL-M-480-TNG,0
DUL-M-480-WAX-KHK,3
DUL-M-481-24-BLK,1
DUL-M-481-24-BRG,1
DUL-M-481-24-BRN,0
DUL-M-481-24-GL,0
DUL-M-481-24-KHK,0
DUL-M-481-24-NAT,0
DUL-M-481-24-NVY,0
DUL-M-481-24-ORG,0
DUL-M-481-24-ROY,0
DUL-M-481-24-WAX-KHK,2
DUL-M-481-CAMO-NBU,0
DUL-M-481-PNK,0
DUL-M-481-RED,0
DUL-M-481-SPR,0
DUL-M-481-TNG,0
DUL-M-600-BLK,4
DUL-M-600-BRG,2
DUL-M-600-BRN,0
DUL-M-600-CAMO-NBU,0
DUL-M-600-GL,0
DUL-M-600-GRY,0
DUL-M-600-KHK,0
DUL-M-600-NAT,0
DUL-M-600-NVY,0
DUL-M-600-OD,6
DUL-M-600-ORG,0
DUL-M-600-PNK,0
DUL-M-600-PUR,0
DUL-M-600-RED,0
DUL-M-600-ROY,0
DUL-M-600-SPR,0
DUL-M-600-TNG,0
DUL-M-600-WAX-GRY,2
DUL-M-600-WAX-KHK,3
DUL-M-600-WAX-OD,1
DUL-M-690-BLK,0
DUL-M-690-BRG,0
DUL-M-690-BRN,0
DUL-M-690-KHK,0
DUL-M-690-NVY,0
DUL-M-690-OD,0
DUL-M-690-ORG,0
DUL-M-690-SPR,0
DUL-M-690-WAX-KHK,0
DUL-M-691-BLK,0
DUL-M-691-BRG,0
DUL-M-691-BRN,0
DUL-M-691-KHK,0
DUL-M-691-NVY,0
DUL-M-691-OD,0
DUL-M-691-SPR,0
DUL-M-691-WAX-KHK,0
DUL-M-691-WAX-OD,0
DUL-M-693-CAMO-BTL,0
DUL-M-693-CAMO-NBU,0
DUL-M-693-KHK,0
DUL-M-693-OD,0
DUL-M-693-ORG,0
DUL-M-693-RED,0
DUL-M-693-WAX-KHK,0
DUL-M-7000-WAX-KHK-BTL-REG,0
DUL-M-7000-WAX-KHK-OD-REG,0
DUL-M-7000-WAX-KHK-REG,3
DUL-M-7000-WAX-KHK-TALL,19
DUL-M-7020-BLK,9
DUL-M-7020-BRN,3
DUL-M-7030-L-BLK-12,0
DUL-M-7030-L-BLK-6,0
DUL-M-7030-L-BRN-12,0
DUL-M-7030-L-BRN-6,3
DUL-M-7030-WEB-BLK-12,3
DUL-M-7030-WEB-BLK-6,0
DUL-M-724-16-BLK,0
DUL-M-724-16-DKBRN,0
DUL-M-724-18-BLK,0
DUL-M-724-18-DKBRN,0
DUL-M-724-20-BLK,0
DUL-M-724-20-DKBRN,0
DUL-M-724-22-BLK,0
DUL-M-724-22-DKBRN,0
DUL-M-724-24-BLK,0
DUL-M-724-24-DKBRN,0
DUL-M-725-BLK,0
DUL-M-725-DKBRN,0
DUL-M-730-BLK,0
DUL-M-730-BRG,0
DUL-M-730-BRN,0
DUL-M-730-CAMO-BTL,0
DUL-M-730-CAMO-NBU,0
DUL-M-730-GL,0
DUL-M-730-KHK,0
DUL-M-730-NAT,0
DUL-M-730-NVY,0
DUL-M-730-OD,0
DUL-M-730-ORG,0
DUL-M-730-PNK,0
DUL-M-730-RED,0
DUL-M-730-ROY,0
DUL-M-730-SPR,0
DUL-M-730-TNG,0
DUL-M-730-WAX-KHK,0
DUL-M-742-CBLK-L,0
DUL-M-742-CBLK-M,0
DUL-M-742-CBLK-S,0
DUL-M-742-CBLK-XL,0
DUL-M-742-CBLK-XS,0
DUL-M-742-CBLK-XXS,0
DUL-M-742-CBLK-XXXS,0
DUL-M-9011-PB-BLK,0
DUL-M-9011-PB-BRN,0
DUL-M-9011-TAN,0
DUL-M-9011-BLK,0
DUL-M-9011-BRG,0
DUL-M-9011-BRN,0
DUL-M-951-BLK,0
DUL-M-951-BRG,0
DUL-M-951-BRN,0
DUL-M-951-CAMO-NBU,0
DUL-M-951-GRY,0
DUL-M-951-KHK,0
DUL-M-951-NAT,0
DUL-M-951-NVY,0
DUL-M-951-OD,0
DUL-M-951-ORG,1
DUL-M-951-PNK,0
DUL-M-951-PUR,0
DUL-M-951-RED,0
DUL-M-951-ROY,0
DUL-M-951-SPR,0
DUL-M-951-TNG,0
DUL-M-951-WAX-KHK,1
DUL-M-961,0
DUL-MFDPBLRB,0
DUL-MFDPBLRC,0
DUL-MFDPBLSC,0
DUL-O-101,0
DUL-O-101-BISON,0
DUL-O-101-BLK,0
DUL-O-101-BRN,0
DUL-O-101-CAMO-NBU,0
DUL-O-102,0
DUL-O-102-BISON,0
DUL-O-102-BLK,0
DUL-O-102-BRN,0
DUL-O-102-CAMO-NBU,0
DUL-O-103,0
DUL-O-103-CAMO-NBU,0
DUL-O-104,0
DUL-O-105,0
DUL-O-105-BLK,0
DUL-O-105-BRN,0
DUL-O-111,0
DUL-O-111-BRN,0
DUL-O-113,0
DUL-O-113-CAMO-NBU,0
DUL-O-115-BLK,0
DUL-O-115-BRN,0
DUL-O-119,0
DUL-O-120,0
DUL-O-120-BLK,0
DUL-O-121,0
DUL-O-121-R,0
DUL-O-122,0
DUL-O-122-BISON,0
DUL-O-122-BLK,0
DUL-O-122-CAMO-NBU,0
DUL-O-122-OD,0
DUL-O-123,0
DUL-O-124,0
DUL-O-125,0
DUL-O-127,0
DUL-O-131,0
DUL-O-131-BISON,0
DUL-O-131-BLK,0
DUL-O-131-BRN,0
DUL-O-131-CAMO-NBU,0
DUL-O-132,0
DUL-O-133,0
DUL-O-134-BLK,0
DUL-O-135,0
DUL-O-136,0
DUL-O-136-BLK,0
DUL-O-137,0
DUL-O-138-BLK,0
DUL-O-138-BRN,0
DUL-O-145-BLK,0
DUL-O-145-BRN,0
DUL-O-164-BLK,0
DUL-O-164-BRN,0
DUL-O-201-28-BLK,0
DUL-O-201-30-BLK,0
DUL-O-201-32-BLK,0
DUL-O-201-34-BLK,0
DUL-O-201-36-BLK,0
DUL-O-201-38-BLK,0
DUL-O-201-40-BLK,0
DUL-O-201-42-BLK,0
DUL-O-201-44-BLK,0
DUL-O-215,0
DUL-O-220-BLK,0
DUL-O-220-BRN,0
DUL-O-300,0
DUL-QB-324-CAMO-BTL,1
DUL-QB-324-OD,0
DUL-QB-324-WAX-KHK,0
DUL-QB-324-WAX-OD,0
DUL-QB-325-CAMO-BTL,0
DUL-QB-325-OD,0
DUL-QB-325-WAX-KHK,0
DUL-QS-120-CAMO-BTL,0
DUL-QS-120-OD,0
DUL-QS-120-WAX-GRY,0
DUL-QS-120-WAX-KHK,0
DUL-QS-120-WAX-OD,0
DUL-S-100-BLK,0
DUL-S-100-BRG,0
DUL-S-100-BRN,0
DUL-S-100-CAMO-NBU,0
DUL-S-100-GL,0
DUL-S-100-KHK,0
DUL-S-100-NAT,0
DUL-S-100-NVY,0
DUL-S-100-OD,0
DUL-S-100-ORG,0
DUL-S-100-PNK,0
DUL-S-100-RED,0
DUL-S-100-ROY,0
DUL-S-100-SPR,0
DUL-S-100-TNG,0
DUL-S-100-WAX-KHK,0
DUL-S-101-BLK,0
DUL-S-101-BRG,0
DUL-S-101-BRN,0
DUL-S-101-CAMO-NBU,0
DUL-S-101-GL,0
DUL-S-101-KHK,0
DUL-S-101-NAT,0
DUL-S-101-NVY,0
DUL-S-101-OD,1
DUL-S-101-ORG,0
DUL-S-101-PNK,0
DUL-S-101-RED,0
DUL-S-101-ROY,0
DUL-S-101-SPR,0
DUL-S-101-TNG,0
DUL-S-101-WAX-KHK,0
DUL-S-105-BLK,0
DUL-S-105-BRG,0
DUL-S-105-BRN,0
DUL-S-105-CAMO-NBU,0
DUL-S-105-GL,0
DUL-S-105-KHK,0
DUL-S-105-NAT,0
DUL-S-105-NVY,0
DUL-S-105-OD,0
DUL-S-105-ORG,0
DUL-S-105-PNK,0
DUL-S-105-RED,0
DUL-S-105-ROY,0
DUL-S-105-SPR,0
DUL-S-105-TNG,0
DUL-S-105-WAX-GRY,0
DUL-S-105-WAX-KHK,0
DUL-S-105-WAX-OD,0
DUL-S-110,0
DUL-S-110-BLK,0
DUL-S-110-BRG,0
DUL-S-110-BRN,0
DUL-S-110-CAMO-NBU,0
DUL-S-110-GL,0
DUL-S-110-KHK,0
DUL-S-110-NAT,0
DUL-S-110-NVY,0
DUL-S-110-ORG,0
DUL-S-110-PNK,0
DUL-S-110-RED,0
DUL-S-110-ROY,0
DUL-S-110-SPR,0
DUL-S-110-TNG,0
DUL-S-110-WAX,0
DUL-S-120-BLK,3
DUL-S-120-BRG,4
DUL-S-120-BRN,0
DUL-S-120-CAMO-BTL,0
DUL-S-120-CAMO-NBU,0
DUL-S-120-GL,0
DUL-S-120-GRY,0
DUL-S-120-KHK,0
DUL-S-120-NAT,0
DUL-S-120-NVY,3
DUL-S-120-OD,3
DUL-S-120-ORG,0
DUL-S-120-PNK,0
DUL-S-120-PUR,0
DUL-S-120-RED,0
DUL-S-120-ROY,0
DUL-S-120-SPR,0
DUL-S-120-TNG,0
DUL-S-120-WAX-GRY,7
DUL-S-120-WAX-KHK,4
DUL-S-120-WAX-OD,3
DUL-S-121-BLK,4
DUL-S-121-BRG,1
DUL-S-121-BRN,0
DUL-S-121-CAMO-BTL,1
DUL-S-121-CAMO-NBU,0
DUL-S-121-GL,0
DUL-S-121-GRY,0
DUL-S-121-KHK,0
DUL-S-121-NAT,0
DUL-S-121-NVY,1
DUL-S-121-OD,0
DUL-S-121-ORG,0
DUL-S-121-PNK,0
DUL-S-121-PUR,0
DUL-S-121-RED,0
DUL-S-121-ROY,0
DUL-S-121-SPR,0
DUL-S-121-TNG,0
DUL-S-121-WAX-GRY,10
DUL-S-121-WAX-KHK,0
DUL-S-121-WAX-OD,1
DUL-S-123-BLK,0
DUL-S-123-BRG,0
DUL-S-123-BRN,0
DUL-S-123-CAMO-NBU,0
DUL-S-123-GL,0
DUL-S-123-KHK,0
DUL-S-123-NAT,0
DUL-S-123-NVY,0
DUL-S-123-OD,0
DUL-S-123-ORG,0
DUL-S-123-PNK,0
DUL-S-123-RED,0
DUL-S-123-ROY,0
DUL-S-123-SPR,0
DUL-S-123-TNG,0
DUL-S-123-WAX,0
DUL-S-125-BLK,0
DUL-S-125-BRG,0
DUL-S-125-BRN,0
DUL-S-125-CAMO-NBU,0
DUL-S-125-GL,0
DUL-S-125-KHK,0
DUL-S-125-NAT,0
DUL-S-125-NVY,0
DUL-S-125-OD,0
DUL-S-125-ORG,0
DUL-S-125-PNK,0
DUL-S-125-RED,0
DUL-S-125-ROY,0
DUL-S-125-SPR,0
DUL-S-125-TNG,0
DUL-S-125-WAX,0
DUL-S-130-BLK,0
DUL-S-130-BRG,0
DUL-S-130-BRN,0
DUL-S-130-CAMO-NBU,0
DUL-S-130-GL,0
DUL-S-130-KHK,0
DUL-S-130-NAT,0
DUL-S-130-NVY,0
DUL-S-130-OD,0
DUL-S-130-ORG,0
DUL-S-130-PNK,0
DUL-S-130-RED,0
DUL-S-130-ROY,0
DUL-S-130-SPR,0
DUL-S-130-TNG,0
DUL-S-130-WAX-KHK,0
DUL-S-140,0
DUL-S-140-BLK,0
DUL-S-140-BRG,0
DUL-S-140-BRN,0
DUL-S-140-KHK,0
DUL-S-140-NVY,0
DUL-S-140-ORG,0
DUL-S-140-ROY,0
DUL-S-140-WAX,0
DUL-S-150-BLK,0
DUL-S-150-BRG,0
DUL-S-150-BRN,0
DUL-S-150-CAMO-BTL,0
DUL-S-150-CAMO-NBU,0
DUL-S-150-GL,0
DUL-S-150-KHK,0
DUL-S-150-NAT,0
DUL-S-150-NVY,0
DUL-S-150-OD,1
DUL-S-150-ORG,0
DUL-S-150-PNK,0
DUL-S-150-RED,0
DUL-S-150-ROY,1
DUL-S-150-SPR,0
DUL-S-150-TNG,0
DUL-S-150-WAX-GRY,1
DUL-S-150-WAX-KHK,0
DUL-S-150-WAX-OD,2
DUL-S-151-OD,0
DUL-S-151-WAX-GRY,0
DUL-S-151-WAX-KHK,0
DUL-S-151-WAX-OD,0
DUL-S-232-BLK,0
DUL-S-232-BRG,0
DUL-S-232-BRN,0
DUL-S-232-CAMO-NBU,0
DUL-S-232-GL,0
DUL-S-232-KHK,0
DUL-S-232-NAT,0
DUL-S-232-NVY,0
DUL-S-232-OD,0
DUL-S-232-ORG,0
DUL-S-232P-BLK,1
DUL-S-232P-BRG,1
DUL-S-232P-BRN,0
DUL-S-232P-CAMO-BTL,0
DUL-S-232-P-CAMO-NBU,0
DUL-S-232-P-GL,0
DUL-S-232P-KHK,0
DUL-S-232P-NAT,0
DUL-S-232-PNK,0
DUL-S-232P-NVY,0
DUL-S-232P-OD,3
DUL-S-232P-ORG,0
DUL-S-232-P-PNK,0
DUL-S-232-P-RED,0
DUL-S-232P-ROY,0
DUL-S-232-P-SPR,0
DUL-S-232-P-TNG,0
DUL-S-232P-WAX-KHK,5
DUL-S-232-RED,0
DUL-S-232-ROY,0
DUL-S-232-SPR,0
DUL-S-232-TNG,0
DUL-S-232-WAX-KHK,0
DUL-S-233-BLK,0
DUL-S-233-BRG,0
DUL-S-233-BRN,0
DUL-S-233-CAMO-NBU,0
DUL-S-233-GL,0
DUL-S-233-KHK,0
DUL-S-233-NAT,0
DUL-S-233-NVY,0
DUL-S-233-OD,0
DUL-S-233-ORG,0
DUL-S-233P-BLK,1
DUL-S-233P-BRG,0
DUL-S-233P-BRN,0
DUL-S-233-P-CAMO-NBU,0
DUL-S-233-P-GL,0
DUL-S-233P-KHK,0
DUL-S-233P-NAT,0
DUL-S-233-PNK,0
DUL-S-233P-NVY,0
DUL-S-233P-OD,2
DUL-S-233P-ORG,0
DUL-S-233-P-PNK,0
DUL-S-233-P-RED,0
DUL-S-233P-ROY,0
DUL-S-233-P-SPR,0
DUL-S-233-P-TNG,0
DUL-S-233P-WAX-KHK,2
DUL-S-233-RED,0
DUL-S-233-ROY,0
DUL-S-233-SPR,0
DUL-S-233-TNG,0
DUL-S-233-WAX-KHK,0
DUL-S-250,0
DUL-S-250-P,0
DUL-S-250-P-BRG,0
DUL-S-250-P-BRN,0
DUL-S-250-P-KHK,0
DUL-S-250-P-NVY,0
DUL-S-250-P-ORG,0
DUL-S-250-P-RED,0
DUL-S-250-P-WAX,0
DUL-S-250-WAX,0
DUL-S-302-BLK,0
DUL-S-302-BRG,0
DUL-S-302-BRN,0
DUL-S-302-CAMO-NBU,0
DUL-S-302-GL,0
DUL-S-302-KHK,0
DUL-S-302-NAT,0
DUL-S-302-NVY,0
DUL-S-302-OD,2
DUL-S-302-ORG,0
DUL-S-302-PNK,0
DUL-S-302-RED,0
DUL-S-302-ROY,0
DUL-S-302-SPR,0
DUL-S-302-TNG,0
DUL-S-302-WAX-GRY,0
DUL-S-302-WAX-KHK,3
DUL-S-303-BLK,0
DUL-S-303-BRG,0
DUL-S-303-BRN,0
DUL-S-303-CAMO-NBU,0
DUL-S-303-GL,0
DUL-S-303-KHK,0
DUL-S-303-NAT,0
DUL-S-303-NVY,0
DUL-S-303-OD,1
DUL-S-303-ORG,0
DUL-S-303-PNK,0
DUL-S-303-RED,0
DUL-S-303-ROY,0
DUL-S-303-SPR,0
DUL-S-303-TNG,0
DUL-S-303-WAX-KHK,3
DUL-S-304,0
DUL-S-304-BLK,0
DUL-S-304-BRG,0
DUL-S-304-BRN,0
DUL-S-304-CAMO-NBU,0
DUL-S-304-GL,0
DUL-S-304-KHK,0
DUL-S-304-NAT,0
DUL-S-304-NVY,0
DUL-S-304-OD,0
DUL-S-304-ORG,0
DUL-S-304-PNK,0
DUL-S-304-RED,0
DUL-S-304-ROY,0
DUL-S-304-SPR,0
DUL-S-304-TNG,0
DUL-S-304-WAX-KHK,2
DUL-S-315-OD,1
DUL-S-315-WAX-KHK,2
DUL-S-316-BLK,0
DUL-S-316-BRG,0
DUL-S-316-BRN,0
DUL-S-316-CAMO-NBU,0
DUL-S-316-GL,0
DUL-S-316-GRY,0
DUL-S-316-KHK,0
DUL-S-316-NAT,0
DUL-S-316-NVY,0
DUL-S-316-OD,0
DUL-S-316-ORG,0
DUL-S-316-PNK,0
DUL-S-316-RED,0
DUL-S-316-ROY,0
DUL-S-316-SPR,0
DUL-S-316-TNG,0
DUL-S-316-WAX-GRY,0
DUL-S-316-WAX-KHK,3
DUL-S-316-WAX-OD,2
DUL-S-413,0
DUL-S-413-BLK,0
DUL-S-413-BRG,0
DUL-S-413-BRN,0
DUL-S-413-CAMO-NBU,0
DUL-S-413-GL,0
DUL-S-413-KHK,0
DUL-S-413-NAT,0
DUL-S-413-NVY,0
DUL-S-413-ORG,0
DUL-S-413-PNK,0
DUL-S-413-RED,0
DUL-S-413-ROY,0
DUL-S-413-SPR,0
DUL-S-413-TNG,0
DUL-S-413-WAX,0
DUL-S-414,0
DUL-S-414-BLK,0
DUL-S-414-BRG,0
DUL-S-414-BRN,0
DUL-S-414-KHK,0
DUL-S-414-NAT,0
DUL-S-414-NVY,0
DUL-S-414-WAX,0
DUL-S-510-BLK,0
DUL-S-510-BRG,2
DUL-S-510-BRN,0
DUL-S-510-CAMO-BTL,6
DUL-S-510-CAMO-NBU,0
DUL-S-510-GL,0
DUL-S-510-GRY,0
DUL-S-510-KHK,0
DUL-S-510-NAT,0
DUL-S-510-NVY,7
DUL-S-510-OD,8
DUL-S-510-ORG,1
DUL-S-510-PNK,0
DUL-S-510-PUR,0
DUL-S-510-RED,0
DUL-S-510-ROY,0
DUL-S-510-SPR,0
DUL-S-510-TNG,0
DUL-S-510-WAX-GRY,3
DUL-S-510-WAX-KHK,6
DUL-S-510-WAX-OD,1
DUL-S-511-BLK,0
DUL-S-511-BRG,0
DUL-S-511-BRN,0
DUL-S-511-CAMO-BTL,0
DUL-S-511-GL,0
DUL-S-511-GRY,0
DUL-S-511-KHK,0
DUL-S-511-NAT,0
DUL-S-511-NVY,0
DUL-S-511-OD,0
DUL-S-511-ORG,0
DUL-S-511-ROY,0
DUL-S-511-WAX-GRY,0
DUL-S-511-WAX-KHK,0
DUL-S-511-WAX-OD,0
DUL-S-600-BLK,1
DUL-S-600-BRG,0
DUL-S-600-BRN,0
DUL-S-600-KHK,0
DUL-S-600-NAT,0
DUL-S-600-NVY,0
DUL-S-600-OD,0
DUL-S-600-ORG,0
DUL-S-600-WAX-KHK,0
DUL-S-703-BLK,0
DUL-S-703-BRG,0
DUL-S-703-BRN,0
DUL-S-703-GL,0
DUL-S-703-KHK,0
DUL-S-703-NAT,0
DUL-S-703-NVY,0
DUL-S-703-OD,2
DUL-S-703-WAX-KHK,4
DUL-S-801-BLK,0
DUL-S-801-BRG,0
DUL-S-801-BRN,0
DUL-S-801-KHK,0
DUL-S-801-NAT,0
DUL-S-801-NVY,0
DUL-S-801-OD,0
DUL-S-801-WAX-KHK,0
DUL-S-802-BLK,0
DUL-S-802-BRG,0
DUL-S-802-BRN,0
DUL-S-802-KHK,0
DUL-S-802-NAT,0
DUL-S-802-NVY,0
DUL-S-802-OD,1
DUL-S-802-WAX-KHK,1
DUL-S-803-OD,0
DUL-S-810-OD,0
DUL-S-811-OD,0
DUL-S-812-OD,0
DUL-S-820-CAMO-BTL,0
DUL-S-820-OD,0
DUL-T-090-BLK,0
DUL-T-090-BRG,0
DUL-T-090-BRN,0
DUL-T-090-CAMO-NBU,0
DUL-T-090-GL,0
DUL-T-090-KHK,0
DUL-T-090-NAT,0
DUL-T-090-NVY,0
DUL-T-090-OD,0
DUL-T-090-ORG,0
DUL-T-090-PNK,0
DUL-T-090-RED,0
DUL-T-090-ROY,0
DUL-T-090-SPR,0
DUL-T-090-TNG,0
DUL-T-090-WAX,0
DUL-T-100-BLK,0
DUL-T-100-BRG,0
DUL-T-100-BRN,0
DUL-T-100-GL,0
DUL-T-100-KHK,0
DUL-T-100-NAT,0
DUL-T-100-NVY,0
DUL-T-100-ORG,0
DUL-T-100-RED,0
DUL-T-100-ROY,0
DUL-T-100-SPR,0
DUL-T-100-TNG,0
DUL-T-100-WAX,0
DUL-T-107-BLK,0
DUL-T-107-BRG,0
DUL-T-107-BRN,0
DUL-T-107-CAMO-NBU,0
DUL-T-107-GL,0
DUL-T-107-KHK,0
DUL-T-107-NAT,0
DUL-T-107-NVY,0
DUL-T-107-ORG,0
DUL-T-107-PNK,0
DUL-T-107-RED,0
DUL-T-107-ROY,0
DUL-T-107-SPR,0
DUL-T-107-TNG,0
DUL-T-107-WAX,0
DUL-T-150-BLK,0
DUL-T-150-BRG,0
DUL-T-150-BRN,0
DUL-T-150-CAMO-NBU,0
DUL-T-150-GL,0
DUL-T-150-KHK,0
DUL-T-150-NAT,0
DUL-T-150-NVY,0
DUL-T-150-ORG,0
DUL-T-150-RED,0
DUL-T-150-ROY,0
DUL-T-150-SPR,0
DUL-T-150-TNG,0
DUL-T-150-WAX,0
DUL-T-160-BLK,0
DUL-T-160-BRG,0
DUL-T-160-BRN,0
DUL-T-160-CAMO-NBU,0
DUL-T-160-GL,0
DUL-T-160-KHK,0
DUL-T-160-NAT,0
DUL-T-160-NVY,0
DUL-T-160-OD,0
DUL-T-160-ORG,0
DUL-T-160-PNK,0
DUL-T-160-RED,0
DUL-T-160-ROY,0
DUL-T-160-SPR,0
DUL-T-160-TNG,0
DUL-T-160-WAX,0
DUL-T-170-CAMO-NBU,0
DUL-T-170-GL,0
DUL-T-170-KHK,0
DUL-T-170-NVY,0
DUL-T-170-OD,0
DUL-T-200-BLK,0
DUL-T-200-BRG,0
DUL-T-200-BRN,0
DUL-T-200-CAMO-NBU,0
DUL-T-200-GL,0
DUL-T-200-KHK,0
DUL-T-200-NAT,0
DUL-T-200-NVY,0
DUL-T-200-OD,0
DUL-T-200-ORG,0
DUL-T-200-PNK,0
DUL-T-200-RED,0
DUL-T-200-ROY,0
DUL-T-200-SPR,0
DUL-T-200-TNG,0
DUL-T-200-WAX-KHK,0
DUL-T-211-BLK,0
DUL-T-211-BRG,0
DUL-T-211-BRN,0
DUL-T-211-CAMO-NBU,0
DUL-T-211-GL,0
DUL-T-211-KHK,0
DUL-T-211-NAT,0
DUL-T-211-NVY,0
DUL-T-211-OD,0
DUL-T-211-ORG,0
DUL-T-211-PNK,0
DUL-T-211-RED,0
DUL-T-211-ROY,0
DUL-T-211-SPR,0
DUL-T-211-TNG,0
DUL-T-211-WAX,0
DUL-T-212-BLK,0
DUL-T-212-BRG,1
DUL-T-212-BRN,0
DUL-T-212-CAMO-BTL,0
DUL-T-212-CAMO-NBU,0
DUL-T-212-GL,0
DUL-T-212-GRY,0
DUL-T-212-KHK,0
DUL-T-212-NAT,0
DUL-T-212-NVY,0
DUL-T-212-OD,0
DUL-T-212-ORG,0
DUL-T-212-PNK,0
DUL-T-212-PUR,0
DUL-T-212-RED,0
DUL-T-212-ROY,0
DUL-T-212-SPR,0
DUL-T-212-TNG,0
DUL-T-212-WAX-GRY,0
DUL-T-212-WAX-KHK,0
DUL-T-212-WAX-OD,1
DUL-T-213-BLK,0
DUL-T-213-BRG,0
DUL-T-213-BRN,0
DUL-T-213-CAMO-NBU,0
DUL-T-213-GL,0
DUL-T-213-KHK,0
DUL-T-213-NAT,0
DUL-T-213-NVY,0
DUL-T-213-OD,0
DUL-T-213-ORG,0
DUL-T-213-PNK,0
DUL-T-213-RED,0
DUL-T-213-ROY,0
DUL-T-213-SPR,0
DUL-T-213-TNG,0
DUL-T-213-WAX-KHK,0
DUL-T-300-24X36-BLK,0
DUL-T-300-24X36-BRG,0
DUL-T-300-24X36-BRN,0
DUL-T-300-24X36-CAMO-NBU,0
DUL-T-300-24X36-GL,0
DUL-T-300-24X36-KHK,0
DUL-T-300-24X36-NAT,0
DUL-T-300-24X36-NVY,0
DUL-T-300-24X36-OD,0
DUL-T-300-24X36-ORG,0
DUL-T-300-24X36-RED,0
DUL-T-300-24X36-ROY,0
DUL-T-300-24X36-SPR,0
DUL-T-300-24X36-TNG,0
DUL-T-300-35RND-BLK,0
DUL-T-300-35RND-BRG,0
DUL-T-300-35RND-BRN,0
DUL-T-300-35RND-CAMO-NBU,0
DUL-T-300-35RND-GL,0
DUL-T-300-35RND-KHK,0
DUL-T-300-35RND-NAT,0
DUL-T-300-35RND-NVY,0
DUL-T-300-35RND-OD,0
DUL-T-300-35RND-ORG,0
DUL-T-300-35RND-RED,0
DUL-T-300-35RND-ROY,0
DUL-T-300-35RND-SPR,0
DUL-T-300-35RND-TNG,0
DUL-T-300-35X50-BLK,0
DUL-T-300-35X50-BRG,0
DUL-T-300-35X50-BRN,0
DUL-T-300-35X50-CAMO-NBU,0
DUL-T-300-35X50-GL,0
DUL-T-300-35X50-KHK,0
DUL-T-300-35X50-NAT,0
DUL-T-300-35X50-NVY,0
DUL-T-300-35X50-OD,0
DUL-T-300-35X50-ORG,0
DUL-T-300-35X50-RED,0
DUL-T-300-35X50-ROY,0
DUL-T-300-35X50-SPR,0
DUL-T-300-35X50-TNG,0
DUL-T-300-45RND-BLK,0
DUL-T-300-45RND-BRG,0
DUL-T-300-45RND-BRN,0
DUL-T-300-45RND-CAMO-NBU,0
DUL-T-300-45RND-GL,0
DUL-T-300-45RND-KHK,0
DUL-T-300-45RND-NVY,0
DUL-T-300-45RND-OD,0
DUL-T-300-45RND-ORG,0
DUL-T-300-45RND-RED,0
DUL-T-300-45RND-ROY,0
DUL-T-300-45RND-SPR,0
DUL-T-300-45RND-TNG,0
DUL-T-302-BLK,1
DUL-T-302-BRG,0
DUL-T-302-BRN,0
DUL-T-302-CAMO-NBU,0
DUL-T-302-GL,0
DUL-T-302-KHK,0
DUL-T-302-NAT,0
DUL-T-302-NVY,0
DUL-T-302-OD,1
DUL-T-302-ORG,0
DUL-T-302-PNK,0
DUL-T-302-RED,0
DUL-T-302-ROY,0
DUL-T-302-SPR,0
DUL-T-302-TNG,0
DUL-T-302-WAX-GRY,2
DUL-T-302-WAX-KHK,0
DUL-T-302-WAX-OD,1
DUL-T-303-BLK,0
DUL-T-303-BRG,0
DUL-T-303-BRN,0
DUL-T-303-CAMO-NBU,0
DUL-T-303-GL,0
DUL-T-303-KHK,0
DUL-T-303-NAT,0
DUL-T-303-NVY,0
DUL-T-303-OD,0
DUL-T-303-ORG,0
DUL-T-303-PNK,0
DUL-T-303-RED,0
DUL-T-303-ROY,0
DUL-T-303-SPR,0
DUL-T-303-TNG,0
DUL-T-303-WAX-KHK,0
DUL-T-360-BLK,0
DUL-T-360-BRG,0
DUL-T-360-GL,0
DUL-T-360-NVY,0
DUL-T-360-OD,0
DUL-T-360-WAX-GRY,0
DUL-T-360-WAX-KHK,0
DUL-T-360-WAX-OD,0
DUL-T-380-BLK,7
DUL-T-380-BRG,4
DUL-T-380-BRN,0
DUL-T-380-CAMO-BTL,4
DUL-T-380-GL,0
DUL-T-380-GRY,0
DUL-T-380-KHK,0
DUL-T-380-NAT,0
DUL-T-380-NVY,41
DUL-T-380-OD,3
DUL-T-380-ORG,0
DUL-T-380-ROY,0
DUL-T-380-WAX-GRY,6
DUL-T-380-WAX-KHK,0
DUL-T-380-WAX-OD,3
DUL-T-381-BLK,0
DUL-T-381-BRG,0
DUL-T-381-BRN,0
DUL-T-381-CAMO-BTL,5
DUL-T-381-GL,0
DUL-T-381-GRY,0
DUL-T-381-KHK,0
DUL-T-381-NAT,0
DUL-T-381-NVY,3
DUL-T-381-OD,0
DUL-T-381-ORG,10
DUL-T-381-PUR,0
DUL-T-381-ROY,0
DUL-T-381-WAX-GRY,0
DUL-T-381-WAX-KHK,0
DUL-T-381-WAX-OD,6
DUL-T-382-BLK,5
DUL-T-382-BRG,4
DUL-T-382-BRN,0
DUL-T-382-CAMO-BTL,4
DUL-T-382-GL,0
DUL-T-382-GRY,0
DUL-T-382-KHK,0
DUL-T-382-NAT,1
DUL-T-382-NVY,6
DUL-T-382-OD,3
DUL-T-382-ORG,2
DUL-T-382-PUR,0
DUL-T-382-ROY,0
DUL-T-382-WAX-GRY,9
DUL-T-382-WAX-KHK,3
DUL-T-382-WAX-OD,7
DUL-T-3971-BLK,25
DUL-T-3971-BRG,8
DUL-T-3971-CAMO-BTL,5
DUL-T-3971-NAT,0
DUL-T-3971-NVY,8
DUL-T-3971-OD,4
DUL-T-3971-ORG,2
DUL-T-3971-ROY,0
DUL-T-3971-W-CLASSIC,0
DUL-T-3971-WAX-GRY,7
DUL-T-3971-WAX-KHK,10
DUL-T-3971-WAX-OD,0
DUL-T-397-BLK,0
DUL-T-397-BRG,0
DUL-T-397-BRN,0
DUL-T-397-CAMO-BTL,0
DUL-T-397-GL,0
DUL-T-397-GRY,0
DUL-T-397-KHK,0
DUL-T-397-NAT,0
DUL-T-397-NVY,0
DUL-T-397-OD,0
DUL-T-397-ORG,0
DUL-T-397-PUR,0
DUL-T-397-ROY,0
DUL-T-397W-CLASSIC,0
DUL-T-397-WAX-GRY,0
DUL-T-397-WAX-KHK,0
DUL-T-397-WAX-OD,0
DUL-T-398-BLK,9
DUL-T-398-BRG,18
DUL-T-398-BRN,0
DUL-T-398-CAMO-BTL,7
DUL-T-398-GL,0
DUL-T-398-GRY,0
DUL-T-398-KHK,0
DUL-T-398-NAT,123
DUL-T-398-NVY,9
DUL-T-398-OD,18
DUL-T-398-ORG,4
DUL-T-398-PUR,0
DUL-T-398-ROY,0
DUL-T-398W-CLASSIC,1
DUL-T-398-WAX-GRY,1
DUL-T-398-WAX-KHK,0
DUL-T-398-WAX-OD,13
DUL-T-402-BLK,2
DUL-T-402-BRG,3
DUL-T-402-BRN,0
DUL-T-402-CAMO-BTL,0
DUL-T-402-CAMO-NBU,0
DUL-T-402-GL,0
DUL-T-402-GRY,0
DUL-T-402-KHK,0
DUL-T-402-NAT,0
DUL-T-402-NVY,1
DUL-T-402-OD,2
DUL-T-402-ORG,0
DUL-T-402-PNK,0
DUL-T-402-RED,0
DUL-T-402-ROY,0
DUL-T-402-SPR,0
DUL-T-402-TNG,0
DUL-T-402-WAX-GRY,4
DUL-T-402-WAX-KHK,0
DUL-T-402-WAX-OD,2
DUL-T-410-BLK,0
DUL-T-410-BRG,0
DUL-T-410-BRN,0
DUL-T-410-CAMO-NBU,0
DUL-T-410-GL,0
DUL-T-410-GRY,0
DUL-T-410-KHK,0
DUL-T-410-NAT,0
DUL-T-410-NVY,0
DUL-T-410-OD,0
DUL-T-410-ORG,0
DUL-T-410-PNK,0
DUL-T-410-RED,0
DUL-T-410-ROY,0
DUL-T-410-SPR,0
DUL-T-410-TNG,0
DUL-T-410-WAX-KHK,0
DUL-T-410-WAX-OD,0
DUL-T-501-BLK,0
DUL-T-501-BRG,0
DUL-T-501-BRN,0
DUL-T-501-CAMO-BTL,0
DUL-T-501-GL,0
DUL-T-501-GRY,0
DUL-T-501-KHK,0
DUL-T-501-NAT,0
DUL-T-501-NVY,0
DUL-T-501-OD,0
DUL-T-501-ORG,0
DUL-T-501-ROY,0
DUL-T-501-WAX-GRY,0
DUL-T-501-WAX-KHK,0
DUL-T-501-WAX-OD,0
DUL-T-502-BLK,0
DUL-T-502-BRG,0
DUL-T-502-BRN,0
DUL-T-502-CAMO-BTL,0
DUL-T-502-CAMO-NBU,0
DUL-T-502-GL,0
DUL-T-502-GRY,0
DUL-T-502-KHK,0
DUL-T-502-NAT,0
DUL-T-502-NVY,0
DUL-T-502-OD,0
DUL-T-502-ORG,0
DUL-T-502-PNK,0
DUL-T-502-RED,0
DUL-T-502-ROY,0
DUL-T-502-SPR,0
DUL-T-502-TNG,0
DUL-T-502-WAX-GRY,0
DUL-T-502-WAX-KHK,0
DUL-T-502-WAX-OD,0
DUL-T-510-PS-49-OD,0
DUL-T-510-PS-52-CAMO-BTL,0
DUL-T-510-PS-52-OD,1
DUL-T-510-PS-52-WAX-KHK,0
DUL-T-510-PS-55-CAMO-BTL,0
DUL-T-510-PS-55-OD,0
DUL-T-510-PS-55-WAX-KHK,0
DUL-T-510-SH-49-OD,0
DUL-T-510-SH-49-WAX-KHK,0
DUL-T-510-SH-52-BLK,0
DUL-T-510-SH-52-BRN,0
DUL-T-510-SH-52-CAMO-BTL,0
DUL-T-510-SH-52-OD,0
DUL-T-510-SH-52-WAX-KHK,0
DUL-T-510-SH-55-CAMO-BTL,0
DUL-T-510-SH-55-OD,0
DUL-T-510-SH-55-WAX-KHK,0
DUL-T-510W-SH-52-W-CLASSIC,0
DUL-T-520-PS-46-OD,0
DUL-T-520-PS-49-CAMO-BTL,0
DUL-T-520-PS-49-OD,1
DUL-T-520-PS-49-WAX-KHK,0
DUL-T-520-PS-52-OD,0
DUL-T-520-SH-46-OD,0
DUL-T-520-SH-49-BLK,0
DUL-T-520-SH-49-BRN,0
DUL-T-520-SH-49-CAMO-BTL,0
DUL-T-520-SH-49-OD,4
DUL-T-520-SH-49-WAX-GRY,0
DUL-T-520-SH-49-WAX-KHK,2
DUL-T-520-SH-52-OD,2
DUL-T-520-SH-52-WAX-KHK,0
DUL-T-520-SH-55-CAMO-BTL,0
DUL-T-520W-SH-49-W-CLASSIC,0
DUL-T-530-43-BLK,0
DUL-T-530-43-BRN,0
DUL-T-530-43-OD,0
DUL-T-530-43-ORG,0
DUL-T-530-43-PNK,0
DUL-T-530-43-RED,0
DUL-T-530-43-SPR,0
DUL-T-530-43-WAX-KHK,0
DUL-T-530-46-OD,0
DUL-T-530-46-WAX-KHK,0
DUL-T-530-49-BLK,0
DUL-T-530-49-KHK,0
DUL-T-530-49-NVY,0
DUL-T-530-49-OD,0
DUL-T-530-49-ROY,0
DUL-T-530-49-WAX-KHK,0
DUL-T-530-52-BRG,0
DUL-T-530-52-CAMO-BTL,0
DUL-T-530-52-GL,0
DUL-T-530-52-KHK,0
DUL-T-530-52-NAT,0
DUL-T-530-52-OD,2
DUL-T-530-52-PNK,0
DUL-T-530-52-RED,0
DUL-T-530-52-WAX-KHK,0
DUL-T-530-55-BLK,0
DUL-T-530-55-BRN,0
DUL-T-530-55-CAMO-BTL,0
DUL-T-530-55-GL,0
DUL-T-530-55-KHK,0
DUL-T-530-55-NVY,0
DUL-T-530-55-OD,0
DUL-T-530-55-ORG,0
DUL-T-530-55-WAX-KHK,0
DUL-T-540-PS-43-BLK,1
DUL-T-540-PS-43-BRG,0
DUL-T-540-PS-43-CAMO-BTL,0
DUL-T-540-PS-43-NAT,0
DUL-T-540-PS-43-NVY,0
DUL-T-540-PS-43-OD,0
DUL-T-540-PS-43-ORG,0
DUL-T-540-PS-43-ROY,0
DUL-T-540-PS-43-WAX-GRY,0
DUL-T-540-PS-43-WAX-KHK,0
DUL-T-540-PS-43-WAX-OD,0
DUL-T-600-BLK,4
DUL-T-600-NVY,4
DUL-T-600-OD,7
DUL-T-610-BLK,0
DUL-T-610-BRG,0
DUL-T-610-BRN,0
DUL-T-610-CAMO-BTL,0
DUL-T-610-CAMO-NBU,0
DUL-T-610-GL,0
DUL-T-610-GRY,0
DUL-T-610-KHK,0
DUL-T-610-NAT,0
DUL-T-610-NVY,0
DUL-T-610-OD,0
DUL-T-610-ORG,0
DUL-T-610-PNK,0
DUL-T-610-RED,0
DUL-T-610-ROY,0
DUL-T-610-SPR,0
DUL-T-610-TNG,0
DUL-T-610-WAX-GRY,0
DUL-T-610-WAX-KHK,0
DUL-T-610-WAX-OD,0
DUL-T-611-BLK,1
DUL-T-611-BRG,4
DUL-T-611-BRN,0
DUL-T-611-CAMO-BTL,0
DUL-T-611-GL,0
DUL-T-611-GRY,0
DUL-T-611-KHK,0
DUL-T-611-NAT,0
DUL-T-611-NVY,0
DUL-T-611-OD,2
DUL-T-611-ORG,0
DUL-T-611-PUR,0
DUL-T-611-ROY,0
DUL-T-611-WAX-GRY,1
DUL-T-611-WAX-KHK,0
DUL-T-611-WAX-OD,0
DUL-T-621-BLK,0
DUL-T-621-BRG,0
DUL-T-621-BRN,0
DUL-T-621-CAMO-NBU,0
DUL-T-621-GL,0
DUL-T-621-KHK,0
DUL-T-621-NVY,0
DUL-T-621-OD,0
DUL-T-621-ORG,0
DUL-T-621-RED,0
DUL-T-621-ROY,0
DUL-T-621-SPR,0
DUL-T-621-TNG,0
DUL-T-621-WAX,0
DUL-T-625-BLK,0
DUL-T-625-BRG,0
DUL-T-625-BRN,0
DUL-T-625-CAMO-NBU,0
DUL-T-625-GL,0
DUL-T-625-KHK,0
DUL-T-625-NVY,0
DUL-T-625-OD,0
DUL-T-625-ORG,0
DUL-T-625-RED,0
DUL-T-625-ROY,0
DUL-T-625-SPR,0
DUL-T-625-TNG,0
DUL-T-625-WAX,0
DUL-T-626-BLK,0
DUL-T-626-BRG,0
DUL-T-626-BRN,0
DUL-T-626-CAMO-BTL,0
DUL-T-626-CAMO-NBU,0
DUL-T-626-GL,0
DUL-T-626-GRY,0
DUL-T-626-KHK,0
DUL-T-626-NAT,0
DUL-T-626-NVY,0
DUL-T-626-OD,0
DUL-T-626-ORG,0
DUL-T-626-PNK,0
DUL-T-626-RED,0
DUL-T-626-ROY,0
DUL-T-626-SPR,0
DUL-T-626-TNG,0
DUL-T-626-WAX-GRY,0
DUL-T-626-WAX-KHK,0
DUL-T-626-WAX-OD,0
DUL-T-627-BLK,0
DUL-T-627-BRG,0
DUL-T-627-BRN,0
DUL-T-627-CAMO-NBU,0
DUL-T-627-GL,0
DUL-T-627-KHK,0
DUL-T-627-NAT,0
DUL-T-627-NVY,0
DUL-T-627-NVY-2ND,0
DUL-T-627-OD,0
DUL-T-627-ORG,0
DUL-T-627-PNK,0
DUL-T-627-RED,0
DUL-T-627-ROY,0
DUL-T-627-SPR,0
DUL-T-627-TNG,0
DUL-T-627-WAX-KHK,0
DUL-T-630-BLK,0
DUL-T-630-BRG,0
DUL-T-630-BRN,0
DUL-T-630-CAMO-NBU,0
DUL-T-630-GL,0
DUL-T-630-KHK,0
DUL-T-630-NAT,0
DUL-T-630-NVY,0
DUL-T-630-OD,0
DUL-T-630-ORG,0
DUL-T-630-PNK,0
DUL-T-630-RED,0
DUL-T-630-ROY,0
DUL-T-630-SPR,0
DUL-T-630-TNG,0
DUL-T-630-WAX-KHK,0
DUL-T-640-BLK,2
DUL-T-640-BRG,1
DUL-T-640-BRN,0
DUL-T-640-CAMO-BTL,0
DUL-T-640-CAMO-NBU,0
DUL-T-640-GL,0
DUL-T-640-GRY,0
DUL-T-640-KHK,0
DUL-T-640-NAT,0
DUL-T-640-NVY,0
DUL-T-640-OD,3
DUL-T-640-ORG,0
DUL-T-640-PNK,0
DUL-T-640-RED,0
DUL-T-640-ROY,0
DUL-T-640-SPR,0
DUL-T-640-TNG,0
DUL-T-640-WAX-GRY,2
DUL-T-640-WAX-KHK,1
DUL-T-640-WAX-OD,0
DUL-T-645-BLK,3
DUL-T-645-BRG,0
DUL-T-645-BRN,0
DUL-T-645-CAMO-BTL,0
DUL-T-645-CAMO-NBU,0
DUL-T-645-GL,0
DUL-T-645-GRY,0
DUL-T-645-KHK,0
DUL-T-645-NAT,0
DUL-T-645-NVY,2
DUL-T-645-OD,0
DUL-T-645-ORG,0
DUL-T-645-PNK,0
DUL-T-645-PUR,0
DUL-T-645-RED,0
DUL-T-645-ROY,0
DUL-T-645-SPR,0
DUL-T-645-TNG,0
DUL-T-645-WAX-GRY,2
DUL-T-645-WAX-KHK,3
DUL-T-645-WAX-OD,1
DUL-T-650-BLK,0
DUL-T-650-BRG,0
DUL-T-650-BRN,0
DUL-T-650-CAMO-BTL,1
DUL-T-650-CAMO-NBU,0
DUL-T-650-GL,0
DUL-T-650-GRY,0
DUL-T-650-KHK,0
DUL-T-650-NAT,0
DUL-T-650-NVY,3
DUL-T-650-OD,0
DUL-T-650-ORG,0
DUL-T-650-PNK,0
DUL-T-650-RED,0
DUL-T-650-ROY,0
DUL-T-650-SPR,0
DUL-T-650-TNG,0
DUL-T-650-WAX-GRY,0
DUL-T-650-WAX-KHK,0
DUL-T-650-WAX-OD,0
DUL-T-6605-BLK,0
DUL-T-6605-BRG,0
DUL-T-6605-CAMO-BTL,0
DUL-T-6605-NAT,0
DUL-T-6605-NVY,0
DUL-T-6605-OD,0
DUL-T-6605-ORG,0
DUL-T-6605-ROY,0
DUL-T-6605-WAX-GRY,0
DUL-T-6605-WAX-KHK,0
DUL-T-6605-WAX-OD,1
DUL-T-660-BLK,0
DUL-T-660-BRG,0
DUL-T-660-BRN,0
DUL-T-660-CAMO-BTL,0
DUL-T-660-CAMO-NBU,0
DUL-T-660-GL,0
DUL-T-660-GRY,0
DUL-T-660-KHK,0
DUL-T-660-NAT,0
DUL-T-660-NVY,0
DUL-T-660-OD,0
DUL-T-660-ORG,0
DUL-T-660-PNK,0
DUL-T-660-PUR,0
DUL-T-660-RED,0
DUL-T-660-ROY,0
DUL-T-660-SPR,0
DUL-T-660-TNG,0
DUL-T-660-WAX-GRY,0
DUL-T-660-WAX-KHK,0
DUL-T-660-WAX-OD,0
DUL-T-670-WL-GL,2
DUL-T-670-BLK,2
DUL-T-670-CAMO-BTL,0
DUL-T-670-NVY,1
DUL-T-670-OD,2
DUL-T-670-WAX-GRY,0
DUL-T-670-WAX-KHK,0
DUL-T-670-WAX-OD,1
DUL-T-700-BLK,0
DUL-T-700-BRG,0
DUL-T-700-BRN,0
DUL-T-700-CAMO-BTL,0
DUL-T-700-CAMO-NBU,0
DUL-T-700-GL,0
DUL-T-700-GRY,0
DUL-T-700-KHK,0
DUL-T-700-NAT,0
DUL-T-700-NVY,0
DUL-T-700-OD,0
DUL-T-700-ORG,0
DUL-T-700-PNK,0
DUL-T-700-RED,0
DUL-T-700-ROY,0
DUL-T-700-SPR,0
DUL-T-700-TNG,0
DUL-T-700-WAX-GRY,0
DUL-T-700-WAX-KHK,0
DUL-T-700-WAX-OD,0
DUL-T-701-BLK,1
DUL-T-701-BRG,2
DUL-T-701-BRN,0
DUL-T-701-CAMO-BTL,1
DUL-T-701-CAMO-NBU,0
DUL-T-701-GL,0
DUL-T-701-GRY,0
DUL-T-701-KHK,0
DUL-T-701-NAT,0
DUL-T-701-NVY,1
DUL-T-701-OD,3
DUL-T-701-ORG,0
DUL-T-701-PUR,0
DUL-T-701-RED,0
DUL-T-701-ROY,0
DUL-T-701-SPR,0
DUL-T-701-TNG,0
DUL-T-701-WAX-GRY,1
DUL-T-701-WAX-KHK,3
DUL-T-701-WAX-OD,1
DUL-T-702-BLK,1
DUL-T-702-BRG,0
DUL-T-702-BRN,0
DUL-T-702-CAMO-BTL,0
DUL-T-702-CAMO-NBU,0
DUL-T-702-GL,0
DUL-T-702-GRY,0
DUL-T-702-KHK,0
DUL-T-702-NAT,0
DUL-T-702-NVY,0
DUL-T-702-OD,1
DUL-T-702-ORG,0
DUL-T-702-PNK,0
DUL-T-702-PUR,0
DUL-T-702-RED,0
DUL-T-702-ROY,1
DUL-T-702-SPR,0
DUL-T-702-TNG,0
DUL-T-702-WAX-GRY,2
DUL-T-702-WAX-KHK,0
DUL-T-702-WAX-OD,0
DUL-T-703-BLK,0
DUL-T-703-BRG,0
DUL-T-703-BRN,0
DUL-T-703-CAMO-BTL,0
DUL-T-703-CAMO-NBU,0
DUL-T-703-GL,0
DUL-T-703-KHK,0
DUL-T-703-NAT,0
DUL-T-703-NVY,0
DUL-T-703-OD,1
DUL-T-703-ORG,0
DUL-T-703-PNK,0
DUL-T-703-RED,0
DUL-T-703-ROY,0
DUL-T-703-SPR,0
DUL-T-703-TNG,0
DUL-T-703-WAX-GRY,0
DUL-T-703-WAX-KHK,7
DUL-T-703-WAX-OD,0
DUL-T-709-BLK,6
DUL-T-709-NVY,0
DUL-T-709-OD,4
DUL-T-710-BLK,5
DUL-T-710-NVY,3
DUL-T-710-OD,8
DUL-T-711-BLK,6
DUL-T-711-NVY,10
DUL-T-711-OD,12
DUL-T-722-BRG,0
DUL-T-722-BRN,0
DUL-T-722-CAMO-BTL,0
DUL-T-722-GL,0
DUL-T-722-GRY,0
DUL-T-722-KHK,0
DUL-T-722-NAT,0
DUL-T-722-NVY,0
DUL-T-722-OD,0
DUL-T-722-ORG,0
DUL-T-722-PUR,0
DUL-T-722-ROY,0
DUL-T-722-WAX-BLU-NAT,0
DUL-T-722-WAX-BLU-WAX-GRY,0
DUL-T-722-WAX-BRN-BRG,0
DUL-T-722-WAX-GLD-NVY,0
DUL-T-722-WAX-GRY,0
DUL-T-722-WAX-KHK,0
DUL-T-722-WAX-NVY-NAT,0
DUL-T-722-WAX-OD,0
DUL-T-722-WAX-ORG-WAX-GRN,0
DUL-T-722-WAX-PNK-NAT,0
DUL-T-722-WAX-PUR-BLK,0
DUL-T-727-BLK,8
DUL-T-727-BRG,12
DUL-T-727-BRN,0
DUL-T-727-CAMO-BTL,0
DUL-T-727-NAT,0
DUL-T-727-NVY,11
DUL-T-727-OD,8
DUL-T-727-ORG,0
DUL-T-727-ROY,0
DUL-T-727-WAX-GRY,5
DUL-T-727-WAX-KHK,22
DUL-T-727-WAX-OD,0
DUL-T-750-LM-NVY,0
DUL-T-750-WL-GL,0
DUL-T-750-BLK,1
DUL-T-750-BRG,1
DUL-T-750-BRN,0
DUL-T-750-CAMO-BTL,0
DUL-T-750-GL,0
DUL-T-750-GRY,0
DUL-T-750-KHK,0
DUL-T-750-NAT,0
DUL-T-750-NVY,3
DUL-T-750-OD,6
DUL-T-750-ORG,1
DUL-T-750-ROY,0
DUL-T-750-WAX-GRY,0
DUL-T-750-WAX-KHK,23
DUL-T-750-WAX-OD,2
DUL-T-800-BLK,1
DUL-T-800-BRG,0
DUL-T-800-BRN,0
DUL-T-800-CAMO-BTL,1
DUL-T-800-CAMO-NBU,0
DUL-T-800-GL,0
DUL-T-800-GRY,0
DUL-T-800-KHK,0
DUL-T-800-NAT,0
DUL-T-800-NVY,0
DUL-T-800-OD,1
DUL-T-800-ORG,0
DUL-T-800-PNK,0
DUL-T-800-RED,0
DUL-T-800-ROY,0
DUL-T-800-SPR,0
DUL-T-800-TNG,0
DUL-T-800-WAX-GRY,2
DUL-T-800-WAX-KHK,1
DUL-T-800-WAX-OD,1
DUL-T-801-BLK,0
DUL-T-801-BRG,0
DUL-T-801-BRN,0
DUL-T-801-CAMO-NBU,0
DUL-T-801-GL,0
DUL-T-801-KHK,0
DUL-T-801-NAT,0
DUL-T-801-NVY,0
DUL-T-801-OD,0
DUL-T-801-ORG,0
DUL-T-801-PNK,0
DUL-T-801-RED,0
DUL-T-801-ROY,0
DUL-T-801-SPR,0
DUL-T-801-TNG,0
DUL-T-801-WAX-KHK,0
DUL-VALUE-0001,0
DUL-VALUE-0002,0
DUL-VALUE-0003,0
DUL-VALUE-0004,0
DUL-VALUE-0005,0
DUL-VALUE-0006,0
DUL-Z-050-PEN-WAX/HAWK,0
DUL-Z-062-VIS-HER,0
DUL-Z-066-BRN-L-XL,0
DUL-Z-066-BRN-S-M,0
DUL-Z-067-BRN,0
DUL-Z-068-BRN,0
DUL-Z-069-BRN,0
DUL-Z-070-BLK,0
DUL-Z-071-BLK,0
DUL-Z-072-BLK,0
DUL-Z-073-BLK-L-XL,0
DUL-Z-073-BLK-S-M,0
DUL-Z-101-BLK,0
DUL-Z-101-BRG,0
DUL-Z-101-BRN,0
DUL-Z-101-CAMO-NBU,0
DUL-Z-101-GL,0
DUL-Z-101-KHK,0
DUL-Z-101-NAT,0
DUL-Z-101-NVY,0
DUL-Z-101-OD,0
DUL-Z-101-ORG,0
DUL-Z-101-PNK,0
DUL-Z-101-RED,0
DUL-Z-101-ROY,0
DUL-Z-101-SPR,0
DUL-Z-101-TNG,0
DUL-Z-101-WAX-KHK,0
DUL-Z-102-BLK,1
DUL-Z-102-BRG,0
DUL-Z-102-BRN,0
DUL-Z-102-CAMO-NBU,0
DUL-Z-102-GL,0
DUL-Z-102-KHK,0
DUL-Z-102-NAT,0
DUL-Z-102-NVY,0
DUL-Z-102-OD,0
DUL-Z-102-ORG,0
DUL-Z-102-PNK,0
DUL-Z-102-RED,0
DUL-Z-102-ROY,0
DUL-Z-102-SPR,0
DUL-Z-102-TNG,0
DUL-Z-102-WAX-KHK,0
DUL-Z-103-BLK,0
DUL-Z-103-BRG,0
DUL-Z-103-BRN,0
DUL-Z-103-CAMO-NBU,0
DUL-Z-103-GL,0
DUL-Z-103-KHK,0
DUL-Z-103-NAT,0
DUL-Z-103-NVY,0
DUL-Z-103-OD,0
DUL-Z-103-ORG,0
DUL-Z-103-PNK,0
DUL-Z-103-RED,0
DUL-Z-103-ROY,0
DUL-Z-103-SPR,0
DUL-Z-103-TNG,0
DUL-Z-103-WAX-KHK,0
DUL-Z-110-BIS-BLK,0
DUL-Z-110-BLK,0
DUL-Z-110-BRG,0
DUL-Z-110-BRN,0
DUL-Z-110-CAMO-NBU,0
DUL-Z-110-GL,0
DUL-Z-110-KHK,0
DUL-Z-110-NAT,0
DUL-Z-110-NVY,0
DUL-Z-110-OD,0
DUL-Z-110-ORG,0
DUL-Z-110-PNK,0
DUL-Z-110-RED,0
DUL-Z-110-ROY,0
DUL-Z-110-SPR,0
DUL-Z-110-TNG,0
DUL-Z-110-WAX-KHK,0
DUL-Z-130-FBLT-W-CUSFAB,0
DUL-Z-130-MK-WAX,0
DUL-Z-1365-PEN-WAX/HAWK,0
DUL-Z-1403-FBLT-W-CUSFAB,0
DUL-Z-370-PF-WAX-KHK,0
DUL-Z-370-QF-WAX-KHK,0
DUL-Z-397-CCI-CAMO-BTL,0
DUL-Z-398MAR-CAMO-BTL,0
DUL-Z-511BSA-OD,0
DUL-Z-512-MK-WAX,0
DUL-Z-512-PEN-WAX/HAWK,0
DUL-Z-7000-PF-WAX-KHK,0
DUL-Z-7000-PF-WAX-KHK-TALL,0
DUL-Z-7000-QF-WAX-KHK,0
DUL-Z-7000-QF-WAX-KHK-TALL,0
DUL-ZT-3971-CAMO-BTL-NOM,0
