"2 columns","2 columns"
"3 columns","3 columns"
"4 columns","4 columns"
"Automatic (detect from theme)","Automatic (detect from theme)"
"Border and shadow","Border and shadow"
"Border only","Border only"
"Discover products that people are loving right now","Discover products that people are loving right now"
"Filled (solid background, white text)","Filled (solid background, white text)"
"Hyva-family — force","Hyva-family — force"
"Luma-family — force","Luma-family — force"
"Minimum Search query length is %1","Minimum Search query length is %1"
"No style attribute registered for ""%1/%2"".","No style attribute registered for ""%1/%2""."
"None","None"
"Outline (transparent background, colored border/text)","Outline (transparent background, colored border/text)"
"Popular Searches","Popular Searches"
"Search","Search"
"Search for products","Search for products"
"Search results for: '%1'","Search results for: '%1'"
"Shadow only","Shadow only"
"Something went wrong","Something went wrong"
"Sorry, no matches were found.","Sorry, no matches were found."
"Starting at","Starting at"
"This value must be 50 characters or fewer.","This value must be 50 characters or fewer."
"This value must be a whole number of pixels (0-9999).","This value must be a whole number of pixels (0-9999)."
"Try a new search or use our suggestions.","Try a new search or use our suggestions."
"Try again","Try again"
"We couldn't load results just now. Please try again.","We couldn't load results just now. Please try again."
